Product_Name,Review_Text,Overall_Rating,Total_Ratings,Product_URL
"🔥 tws wireless earbuds with led display – enc noise cancellation, hifi stereo, bluetooth 5.3 ear buds |  woth mic",4.7/553 Ratings461212,4.7,Ratings 53,https://www.daraz.pk/products/tws-wireless-earbuds-with-led-display-enc-noise-cancellation-hifi-stereo-bluetooth-53-ear-buds-woth-mic-i1965132501.html
"🔥 tws wireless earbuds with led display – enc noise cancellation, hifi stereo, bluetooth 5.3 ear buds |  woth mic",Mashallah ❤️ VIP product hai jo chij maine mangvaee hai vahi hai aur acchi quality hai ❤️ thanks 😊 ek baat aur ISI Tarah Apne acchi chij di to hamara etbar ap per bahut jyada ho jaega pir hum daraz sy hi shopping Kiya karenge okay,4.7,Ratings 53,https://www.daraz.pk/products/tws-wireless-earbuds-with-led-display-enc-noise-cancellation-hifi-stereo-bluetooth-53-ear-buds-woth-mic-i1965132501.html
"🔥 tws wireless earbuds with led display – enc noise cancellation, hifi stereo, bluetooth 5.3 ear buds |  woth mic",Excellent product. using it. high quality Sound Quality:excellent Battery Life:good Comfort:excellent,4.7,Ratings 53,https://www.daraz.pk/products/tws-wireless-earbuds-with-led-display-enc-noise-cancellation-hifi-stereo-bluetooth-53-ear-buds-woth-mic-i1965132501.html
"🔥 tws wireless earbuds with led display – enc noise cancellation, hifi stereo, bluetooth 5.3 ear buds |  woth mic",Sound Quality:very good Battery Life:out standing Comfort:good I am using for one week it's good and battery life is also good.. type c cable for charge.. seller is very cooperative and he send me original product,4.7,Ratings 53,https://www.daraz.pk/products/tws-wireless-earbuds-with-led-display-enc-noise-cancellation-hifi-stereo-bluetooth-53-ear-buds-woth-mic-i1965132501.html
"🔥 tws wireless earbuds with led display – enc noise cancellation, hifi stereo, bluetooth 5.3 ear buds |  woth mic",Mashallah ❤️ VIP product hai jo chij maine mangvaee hai vahi hai aur acchi quality hai ❤️ thanks 😊 ek baat aur ISI Tarah Apne acchi chij di to hamara etbar ap per bahut jyada ho jaega pir hum daraz sy hi shopping Kiya karenge okay0,4.7,Ratings 53,https://www.daraz.pk/products/tws-wireless-earbuds-with-led-display-enc-noise-cancellation-hifi-stereo-bluetooth-53-ear-buds-woth-mic-i1965132501.html
"🔥 tws wireless earbuds with led display – enc noise cancellation, hifi stereo, bluetooth 5.3 ear buds |  woth mic",Excellent product. using it. high quality Sound Quality:excellent Battery Life:good Comfort:excellent0,4.7,Ratings 53,https://www.daraz.pk/products/tws-wireless-earbuds-with-led-display-enc-noise-cancellation-hifi-stereo-bluetooth-53-ear-buds-woth-mic-i1965132501.html
"🔥 tws wireless earbuds with led display – enc noise cancellation, hifi stereo, bluetooth 5.3 ear buds |  woth mic",Sound Quality:very good Battery Life:out standing Comfort:good I am using for one week it's good and battery life is also good.. type c cable for charge.. seller is very cooperative and he send me original product0,4.7,Ratings 53,https://www.daraz.pk/products/tws-wireless-earbuds-with-led-display-enc-noise-cancellation-hifi-stereo-bluetooth-53-ear-buds-woth-mic-i1965132501.html
"lanteso true wireless earbuds, bluetooth earbuds with mics clear call touch control bluetooth headphones with bass sound in ear earphones for music,home office",4.4/5179 Ratings14524420,4.4,Ratings 179,https://www.daraz.pk/products/-i1954493616.html
"lanteso true wireless earbuds, bluetooth earbuds with mics clear call touch control bluetooth headphones with bass sound in ear earphones for music,home office",sir ek chal hi nahin Rahi iski to aapane yah bhi kharab bheji hai do order ki thi donon hi Maine do order ki Thi ek aur ek mehrun ki thi aapane yah galat Bheja hai aur ek to aapane bheji Nahin is Tarah ki vah to change kar di very very bad sailor,4.4,Ratings 179,https://www.daraz.pk/products/-i1954493616.html
"lanteso true wireless earbuds, bluetooth earbuds with mics clear call touch control bluetooth headphones with bass sound in ear earphones for music,home office",bhai Maine Jo ek aapane aur bhej di ek aur bhej di Maine Jo order ki hai vah Nahin Mile mujhe Sound Quality:10..0 Battery Life:10..0 Comfort:10..0,4.4,Ratings 179,https://www.daraz.pk/products/-i1954493616.html
"lanteso true wireless earbuds, bluetooth earbuds with mics clear call touch control bluetooth headphones with bass sound in ear earphones for music,home office","Sound Quality:4 out of 5 Battery Life:4.5 out 5 Comfort:4.5 out of 5 in this amount, it's a good deal",4.4,Ratings 179,https://www.daraz.pk/products/-i1954493616.html
"lanteso true wireless earbuds, bluetooth earbuds with mics clear call touch control bluetooth headphones with bass sound in ear earphones for music,home office",sir ek chal hi nahin Rahi iski to aapane yah bhi kharab bheji hai do order ki thi donon hi Maine do order ki Thi ek aur ek mehrun ki thi aapane yah galat Bheja hai aur ek to aapane bheji Nahin is Tarah ki vah to change kar di very very bad sailor0,4.4,Ratings 179,https://www.daraz.pk/products/-i1954493616.html
"lanteso true wireless earbuds, bluetooth earbuds with mics clear call touch control bluetooth headphones with bass sound in ear earphones for music,home office",bhai Maine Jo ek aapane aur bhej di ek aur bhej di Maine Jo order ki hai vah Nahin Mile mujhe Sound Quality:10..0 Battery Life:10..0 Comfort:10..00,4.4,Ratings 179,https://www.daraz.pk/products/-i1954493616.html
"lanteso true wireless earbuds, bluetooth earbuds with mics clear call touch control bluetooth headphones with bass sound in ear earphones for music,home office","Sound Quality:4 out of 5 Battery Life:4.5 out 5 Comfort:4.5 out of 5 in this amount, it's a good deal0",4.4,Ratings 179,https://www.daraz.pk/products/-i1954493616.html
"smart tws airbuds – bluetooth 5.0 wireless earphones with ai voice translator, touch control, charging box",4.6/585 Ratings714225,4.6,Ratings 85,https://www.daraz.pk/products/smart-tws-airbuds-bluetooth-50-wireless-earphones-with-ai-voice-translator-touch-control-charging-box-i1965246033.html
"smart tws airbuds – bluetooth 5.0 wireless earphones with ai voice translator, touch control, charging box",Battery Life:Good 😊 Sound Quality:Bas Ok hai Comfort:normal,4.6,Ratings 85,https://www.daraz.pk/products/smart-tws-airbuds-bluetooth-50-wireless-earphones-with-ai-voice-translator-touch-control-charging-box-i1965246033.html
"smart tws airbuds – bluetooth 5.0 wireless earphones with ai voice translator, touch control, charging box",it's not working properly light is blink after opening it,4.6,Ratings 85,https://www.daraz.pk/products/smart-tws-airbuds-bluetooth-50-wireless-earphones-with-ai-voice-translator-touch-control-charging-box-i1965246033.html
"smart tws airbuds – bluetooth 5.0 wireless earphones with ai voice translator, touch control, charging box","omg the quality is very amazing I am very happy to receive the parcel because the earbuds are very amazing I suggest you to order this earbuds Sound Quality:excellent Battery Life:good Comfort:💯 very nice product highly recommend ,battery life ,voice ,everything is too good",4.6,Ratings 85,https://www.daraz.pk/products/smart-tws-airbuds-bluetooth-50-wireless-earphones-with-ai-voice-translator-touch-control-charging-box-i1965246033.html
"smart tws airbuds – bluetooth 5.0 wireless earphones with ai voice translator, touch control, charging box",Battery Life:Good 😊 Sound Quality:Bas Ok hai Comfort:normal0,4.6,Ratings 85,https://www.daraz.pk/products/smart-tws-airbuds-bluetooth-50-wireless-earphones-with-ai-voice-translator-touch-control-charging-box-i1965246033.html
"smart tws airbuds – bluetooth 5.0 wireless earphones with ai voice translator, touch control, charging box",it's not working properly light is blink after opening it0,4.6,Ratings 85,https://www.daraz.pk/products/smart-tws-airbuds-bluetooth-50-wireless-earphones-with-ai-voice-translator-touch-control-charging-box-i1965246033.html
"smart tws airbuds – bluetooth 5.0 wireless earphones with ai voice translator, touch control, charging box","omg the quality is very amazing I am very happy to receive the parcel because the earbuds are very amazing I suggest you to order this earbuds Sound Quality:excellent Battery Life:good Comfort:💯 very nice product highly recommend ,battery life ,voice ,everything is too good0",4.6,Ratings 85,https://www.daraz.pk/products/smart-tws-airbuds-bluetooth-50-wireless-earphones-with-ai-voice-translator-touch-control-charging-box-i1965246033.html
"air-podtws 12 black mini bluetooth wireless headset_(true wireless stereo) bluetooth earbuds bluetooth handsfree  dual sound bass, charging case and extra ear-buds, pop-up feature compatible with all devices",4.6/5570 Ratings49112161236,4.6,Ratings 570,https://www.daraz.pk/products/12-i894764349.html
"air-podtws 12 black mini bluetooth wireless headset_(true wireless stereo) bluetooth earbuds bluetooth handsfree  dual sound bass, charging case and extra ear-buds, pop-up feature compatible with all devices",ad Main tws pods Jo dikhaye thy Woh mujhy delivered ni Liye gye really disappointed 😞☹️ battery timing b bahut Kam ha 30 mnt or koi screen b ni jis sy PATA chaly k charge Kitna hua ha or sound and mic quality b bahut weak ha,4.6,Ratings 570,https://www.daraz.pk/products/12-i894764349.html
"air-podtws 12 black mini bluetooth wireless headset_(true wireless stereo) bluetooth earbuds bluetooth handsfree  dual sound bass, charging case and extra ear-buds, pop-up feature compatible with all devices",Sound Quality:buht achi ha Microphone Quality:buht alla ha Comfort:tek ha,4.6,Ratings 570,https://www.daraz.pk/products/12-i894764349.html
"air-podtws 12 black mini bluetooth wireless headset_(true wireless stereo) bluetooth earbuds bluetooth handsfree  dual sound bass, charging case and extra ear-buds, pop-up feature compatible with all devices","Sound Quality:zbrdast Durability:4,6 hrs Versatility:level up",4.6,Ratings 570,https://www.daraz.pk/products/12-i894764349.html
"air-podtws 12 black mini bluetooth wireless headset_(true wireless stereo) bluetooth earbuds bluetooth handsfree  dual sound bass, charging case and extra ear-buds, pop-up feature compatible with all devices",ad Main tws pods Jo dikhaye thy Woh mujhy delivered ni Liye gye really disappointed 😞☹️ battery timing b bahut Kam ha 30 mnt or koi screen b ni jis sy PATA chaly k charge Kitna hua ha or sound and mic quality b bahut weak ha0,4.6,Ratings 570,https://www.daraz.pk/products/12-i894764349.html
"air-podtws 12 black mini bluetooth wireless headset_(true wireless stereo) bluetooth earbuds bluetooth handsfree  dual sound bass, charging case and extra ear-buds, pop-up feature compatible with all devices",Sound Quality:buht achi ha Microphone Quality:buht alla ha Comfort:tek ha0,4.6,Ratings 570,https://www.daraz.pk/products/12-i894764349.html
"air-podtws 12 black mini bluetooth wireless headset_(true wireless stereo) bluetooth earbuds bluetooth handsfree  dual sound bass, charging case and extra ear-buds, pop-up feature compatible with all devices","Sound Quality:zbrdast Durability:4,6 hrs Versatility:level up0",4.6,Ratings 570,https://www.daraz.pk/products/12-i894764349.html
original m10 & m90 tws  eir pods wireless earphones touch control 5.1 with power bank charger headset waterproof 9d hifi quality earbuds 2000mah stereo sports headphones with microphone,4.1/5132 Ratings8998619,4.1,Ratings 132,https://www.daraz.pk/products/m10-m90-tws-eir-pods-51-9d-hifi-2000mah-i433557338.html
original m10 & m90 tws  eir pods wireless earphones touch control 5.1 with power bank charger headset waterproof 9d hifi quality earbuds 2000mah stereo sports headphones with microphone,Totally Satisfied with the Quality of i12product in this price range. Good Sound quality. Good battery time. Honest Seller. Recommended. Thanks!..daraaz I am happy 😁😊😁😁😁😁😁😁😁😁😁😁 good product 💯❤️❤️❤️ inshallah ❤️ following daraz ❤️😍😍😍❤️❤️❤️❤️❤️❤️❤️❤️.................................................................The Product Was Really Good And Fantastic Music Was Too goood And finishing of this product is Extreme Touch Sensors Are Fully Worked Built Quality was Amazing Trusted Store 💯..,4.1,Ratings 132,https://www.daraz.pk/products/m10-m90-tws-eir-pods-51-9d-hifi-2000mah-i433557338.html
original m10 & m90 tws  eir pods wireless earphones touch control 5.1 with power bank charger headset waterproof 9d hifi quality earbuds 2000mah stereo sports headphones with microphone,Sound Quality:bhttt zabr10 quality h sound BH kafi Acha h airpods Ka bs box NH Diya sth me Baki airpods bhtt hi ache thy.. 😊,4.1,Ratings 132,https://www.daraz.pk/products/m10-m90-tws-eir-pods-51-9d-hifi-2000mah-i433557338.html
original m10 & m90 tws  eir pods wireless earphones touch control 5.1 with power bank charger headset waterproof 9d hifi quality earbuds 2000mah stereo sports headphones with microphone,"Sound Quality:10/10. The sound is so good and the bass is also very good. Battery Life:10/10 I charge it one time and it goes for a long time Comfort:Also 10/10 the fitting is really great i use them while going for a run and they fit perfectly although i have a slight problem is that while i am using some application the voice is delayed byt mistly it works good. I AM COMPLETELY SATISFIED WITH THIS PRODUCT THANK YOU DARAZ,THANK YOU SELLER🤍",4.1,Ratings 132,https://www.daraz.pk/products/m10-m90-tws-eir-pods-51-9d-hifi-2000mah-i433557338.html
original m10 & m90 tws  eir pods wireless earphones touch control 5.1 with power bank charger headset waterproof 9d hifi quality earbuds 2000mah stereo sports headphones with microphone,Totally Satisfied with the Quality of i12product in this price range. Good Sound quality. Good battery time. Honest Seller. Recommended. Thanks!..daraaz I am happy 😁😊😁😁😁😁😁😁😁😁😁😁 good product 💯❤️❤️❤️ inshallah ❤️ following daraz ❤️😍😍😍❤️❤️❤️❤️❤️❤️❤️❤️.................................................................The Product Was Really Good And Fantastic Music Was Too goood And finishing of this product is Extreme Touch Sensors Are Fully Worked Built Quality was Amazing Trusted Store 💯..0,4.1,Ratings 132,https://www.daraz.pk/products/m10-m90-tws-eir-pods-51-9d-hifi-2000mah-i433557338.html
original m10 & m90 tws  eir pods wireless earphones touch control 5.1 with power bank charger headset waterproof 9d hifi quality earbuds 2000mah stereo sports headphones with microphone,Sound Quality:bhttt zabr10 quality h sound BH kafi Acha h airpods Ka bs box NH Diya sth me Baki airpods bhtt hi ache thy.. 😊0,4.1,Ratings 132,https://www.daraz.pk/products/m10-m90-tws-eir-pods-51-9d-hifi-2000mah-i433557338.html
original m10 & m90 tws  eir pods wireless earphones touch control 5.1 with power bank charger headset waterproof 9d hifi quality earbuds 2000mah stereo sports headphones with microphone,"Sound Quality:10/10. The sound is so good and the bass is also very good. Battery Life:10/10 I charge it one time and it goes for a long time Comfort:Also 10/10 the fitting is really great i use them while going for a run and they fit perfectly although i have a slight problem is that while i am using some application the voice is delayed byt mistly it works good. I AM COMPLETELY SATISFIED WITH THIS PRODUCT THANK YOU DARAZ,THANK YOU SELLER🤍0",4.1,Ratings 132,https://www.daraz.pk/products/m10-m90-tws-eir-pods-51-9d-hifi-2000mah-i433557338.html
wireless earbuds headphones bluetooth earpods sports stereo airbuds noise canceling headphone microphone speaker with led light headphones,4.5/5118 Ratings984619,4.5,Ratings 118,https://www.daraz.pk/products/led-i1964559878.html
wireless earbuds headphones bluetooth earpods sports stereo airbuds noise canceling headphone microphone speaker with led light headphones,4.5/5118 Ratings984619,4.6,Ratings 304,https://www.daraz.pk/products/-i1964603364.html
wireless earbuds headphones bluetooth earpods sports stereo airbuds noise canceling headphone microphone speaker with led light headphones,Sound Quality:very good Battery Life:3 to 4 hours Comfort:comfortable I'm happy to buy this product I'm satisfied with airpods thanks daraz seller and rider 😍 ❤️ thank you seller itny reasonable price main itni achi cheez dene k liye 💗,4.5,Ratings 118,https://www.daraz.pk/products/led-i1964559878.html
wireless earbuds headphones bluetooth earpods sports stereo airbuds noise canceling headphone microphone speaker with led light headphones,Sound Quality:very good Battery Life:3 to 4 hours Comfort:comfortable I'm happy to buy this product I'm satisfied with airpods thanks daraz seller and rider 😍 ❤️ thank you seller itny reasonable price main itni achi cheez dene k liye 💗,4.6,Ratings 304,https://www.daraz.pk/products/-i1964603364.html
wireless earbuds headphones bluetooth earpods sports stereo airbuds noise canceling headphone microphone speaker with led light headphones,Sound Quality:bhoot achi ha Battery Life:battery trimming bhoot achi ha Comfort:use ma bhee khobsorat lagta hain or acha hain,4.5,Ratings 118,https://www.daraz.pk/products/led-i1964559878.html
wireless earbuds headphones bluetooth earpods sports stereo airbuds noise canceling headphone microphone speaker with led light headphones,Sound Quality:bhoot achi ha Battery Life:battery trimming bhoot achi ha Comfort:use ma bhee khobsorat lagta hain or acha hain,4.6,Ratings 304,https://www.daraz.pk/products/-i1964603364.html
wireless earbuds headphones bluetooth earpods sports stereo airbuds noise canceling headphone microphone speaker with led light headphones,Sound Quality:good Battery Life:it's good compared to other earbuds I've ordered before Comfort:9/10 Got without packaging and charger,4.5,Ratings 118,https://www.daraz.pk/products/led-i1964559878.html
wireless earbuds headphones bluetooth earpods sports stereo airbuds noise canceling headphone microphone speaker with led light headphones,Sound Quality:good Battery Life:it's good compared to other earbuds I've ordered before Comfort:9/10 Got without packaging and charger,4.6,Ratings 304,https://www.daraz.pk/products/-i1964603364.html
wireless earbuds headphones bluetooth earpods sports stereo airbuds noise canceling headphone microphone speaker with led light headphones,Sound Quality:very good Battery Life:3 to 4 hours Comfort:comfortable I'm happy to buy this product I'm satisfied with airpods thanks daraz seller and rider 😍 ❤️ thank you seller itny reasonable price main itni achi cheez dene k liye 💗0,4.5,Ratings 118,https://www.daraz.pk/products/led-i1964559878.html
wireless earbuds headphones bluetooth earpods sports stereo airbuds noise canceling headphone microphone speaker with led light headphones,Sound Quality:very good Battery Life:3 to 4 hours Comfort:comfortable I'm happy to buy this product I'm satisfied with airpods thanks daraz seller and rider 😍 ❤️ thank you seller itny reasonable price main itni achi cheez dene k liye 💗0,4.6,Ratings 304,https://www.daraz.pk/products/-i1964603364.html
wireless earbuds headphones bluetooth earpods sports stereo airbuds noise canceling headphone microphone speaker with led light headphones,Sound Quality:bhoot achi ha Battery Life:battery trimming bhoot achi ha Comfort:use ma bhee khobsorat lagta hain or acha hain0,4.5,Ratings 118,https://www.daraz.pk/products/led-i1964559878.html
wireless earbuds headphones bluetooth earpods sports stereo airbuds noise canceling headphone microphone speaker with led light headphones,Sound Quality:bhoot achi ha Battery Life:battery trimming bhoot achi ha Comfort:use ma bhee khobsorat lagta hain or acha hain0,4.6,Ratings 304,https://www.daraz.pk/products/-i1964603364.html
wireless earbuds headphones bluetooth earpods sports stereo airbuds noise canceling headphone microphone speaker with led light headphones,Sound Quality:good Battery Life:it's good compared to other earbuds I've ordered before Comfort:9/10 Got without packaging and charger0,4.5,Ratings 118,https://www.daraz.pk/products/led-i1964559878.html
wireless earbuds headphones bluetooth earpods sports stereo airbuds noise canceling headphone microphone speaker with led light headphones,Sound Quality:good Battery Life:it's good compared to other earbuds I've ordered before Comfort:9/10 Got without packaging and charger0,4.6,Ratings 304,https://www.daraz.pk/products/-i1964603364.html
"m04 stereo earbuds tws wireless earbuds with led display – enc noise cancellation, hifi stereo, bluetooth 5.3 – available in black & white",4.5/5274 Ratings22858822,4.5,Ratings 274,https://www.daraz.pk/products/m04-stereo-earbuds-tws-wireless-earbuds-with-led-display-enc-noise-cancellation-hifi-stereo-bluetooth-53-available-in-black-white-i948285745.html
"m04 stereo earbuds tws wireless earbuds with led display – enc noise cancellation, hifi stereo, bluetooth 5.3 – available in black & white",I'm very disappointed with seller because blue K rate me unhone black bhejdiye or charging cable bhi Nahi di h pata hota black bhejengy to me payment b black ki hi karti not same as shown dusri bar esa hua h ab to daraz se hi Dil kharab hogya h,4.5,Ratings 274,https://www.daraz.pk/products/m04-stereo-earbuds-tws-wireless-earbuds-with-led-display-enc-noise-cancellation-hifi-stereo-bluetooth-53-available-in-black-white-i948285745.html
"m04 stereo earbuds tws wireless earbuds with led display – enc noise cancellation, hifi stereo, bluetooth 5.3 – available in black & white",Sound Quality:💯 Battery Life:💯 Comfort:💯 💯 recommended boht Acha product ha. must purchase kren please very good seller I give 10/10,4.5,Ratings 274,https://www.daraz.pk/products/m04-stereo-earbuds-tws-wireless-earbuds-with-led-display-enc-noise-cancellation-hifi-stereo-bluetooth-53-available-in-black-white-i948285745.html
"m04 stereo earbuds tws wireless earbuds with led display – enc noise cancellation, hifi stereo, bluetooth 5.3 – available in black & white",Bhai yrr Mera opinion ye h k is ki sond quality bohat zyada ghatya h me TikTok dekh rha tha k is me itni DER baad awaz ati h vese 1000 ki range me to theek thaak hi he zyada achhi b NHI h aur ye use hui thi,4.5,Ratings 274,https://www.daraz.pk/products/m04-stereo-earbuds-tws-wireless-earbuds-with-led-display-enc-noise-cancellation-hifi-stereo-bluetooth-53-available-in-black-white-i948285745.html
"m04 stereo earbuds tws wireless earbuds with led display – enc noise cancellation, hifi stereo, bluetooth 5.3 – available in black & white",I'm very disappointed with seller because blue K rate me unhone black bhejdiye or charging cable bhi Nahi di h pata hota black bhejengy to me payment b black ki hi karti not same as shown dusri bar esa hua h ab to daraz se hi Dil kharab hogya h0,4.5,Ratings 274,https://www.daraz.pk/products/m04-stereo-earbuds-tws-wireless-earbuds-with-led-display-enc-noise-cancellation-hifi-stereo-bluetooth-53-available-in-black-white-i948285745.html
"m04 stereo earbuds tws wireless earbuds with led display – enc noise cancellation, hifi stereo, bluetooth 5.3 – available in black & white",Sound Quality:💯 Battery Life:💯 Comfort:💯 💯 recommended boht Acha product ha. must purchase kren please very good seller I give 10/100,4.5,Ratings 274,https://www.daraz.pk/products/m04-stereo-earbuds-tws-wireless-earbuds-with-led-display-enc-noise-cancellation-hifi-stereo-bluetooth-53-available-in-black-white-i948285745.html
"m04 stereo earbuds tws wireless earbuds with led display – enc noise cancellation, hifi stereo, bluetooth 5.3 – available in black & white",Bhai yrr Mera opinion ye h k is ki sond quality bohat zyada ghatya h me TikTok dekh rha tha k is me itni DER baad awaz ati h vese 1000 ki range me to theek thaak hi he zyada achhi b NHI h aur ye use hui thi0,4.5,Ratings 274,https://www.daraz.pk/products/m04-stereo-earbuds-tws-wireless-earbuds-with-led-display-enc-noise-cancellation-hifi-stereo-bluetooth-53-available-in-black-white-i948285745.html
universal blutooth handfree wireless bluetooth headset good quality bluetooth handsfree earphone,4.6/555 Ratings471204,4.6,Ratings 55,https://www.daraz.pk/products/-i1947434490.html
universal blutooth handfree wireless bluetooth headset good quality bluetooth handsfree earphone,Comfort:Very comfortable ❤️👍👌💯 Sound Quality:Excellent 💯👌👍 Noise Cancellation:Excellent 💯👌👍 ⭐⭐⭐⭐⭐ LED display is very useful and easy to read. Battery status is always visible. ⭐⭐⭐⭐⭐ Excellent neckband with a clear LED display. Sound quality and battery backup are impressive. ⭐⭐⭐⭐⭐ The LED display makes it easy to check the battery level. Great sound and comfortable to wear. ⭐⭐⭐⭐⭐ Nice product with a bright LED display. Worth buying for music and daily use.,4.6,Ratings 55,https://www.daraz.pk/products/-i1947434490.html
universal blutooth handfree wireless bluetooth headset good quality bluetooth handsfree earphone,satisfied with this one best product with cheep price.i ll post on my WhatsApp. Good Keep it Up Sound Quality:10/10 Battery Life:6hour Comfort:10/10,4.6,Ratings 55,https://www.daraz.pk/products/-i1947434490.html
universal blutooth handfree wireless bluetooth headset good quality bluetooth handsfree earphone,boht achi ha ❤️❤️❤️❤️❤️❤️❤️❤️❤️❤️❤️❤️❤️❤️❤️❤️❤️❤️is ki bettriy timing hi kui ni karb nikli charge pay lago TU 100 AK scand ma open karo TU sahat hi low,4.6,Ratings 55,https://www.daraz.pk/products/-i1947434490.html
universal blutooth handfree wireless bluetooth headset good quality bluetooth handsfree earphone,Comfort:Very comfortable ❤️👍👌💯 Sound Quality:Excellent 💯👌👍 Noise Cancellation:Excellent 💯👌👍 ⭐⭐⭐⭐⭐ LED display is very useful and easy to read. Battery status is always visible. ⭐⭐⭐⭐⭐ Excellent neckband with a clear LED display. Sound quality and battery backup are impressive. ⭐⭐⭐⭐⭐ The LED display makes it easy to check the battery level. Great sound and comfortable to wear. ⭐⭐⭐⭐⭐ Nice product with a bright LED display. Worth buying for music and daily use.0,4.6,Ratings 55,https://www.daraz.pk/products/-i1947434490.html
universal blutooth handfree wireless bluetooth headset good quality bluetooth handsfree earphone,satisfied with this one best product with cheep price.i ll post on my WhatsApp. Good Keep it Up Sound Quality:10/10 Battery Life:6hour Comfort:10/100,4.6,Ratings 55,https://www.daraz.pk/products/-i1947434490.html
universal blutooth handfree wireless bluetooth headset good quality bluetooth handsfree earphone,boht achi ha ❤️❤️❤️❤️❤️❤️❤️❤️❤️❤️❤️❤️❤️❤️❤️❤️❤️❤️is ki bettriy timing hi kui ni karb nikli charge pay lago TU 100 AK scand ma open karo TU sahat hi low0,4.6,Ratings 55,https://www.daraz.pk/products/-i1947434490.html
air 31 ear pod dual 5.2 earbuds handfree bluetooth wireless earbuds headphones i 7 mini bluetooth headset earbud single wireless earphone with mic stereo for all phones,4.4/56223 Ratings4774332254176661,4.4,Ratings 6224,https://www.daraz.pk/products/31-52-7-i280841902.html
air 31 ear pod dual 5.2 earbuds handfree bluetooth wireless earbuds headphones i 7 mini bluetooth headset earbud single wireless earphone with mic stereo for all phones,km price me bohot acha product he I like it 😍,4.4,Ratings 6224,https://www.daraz.pk/products/31-52-7-i280841902.html
air 31 ear pod dual 5.2 earbuds handfree bluetooth wireless earbuds headphones i 7 mini bluetooth headset earbud single wireless earphone with mic stereo for all phones,Battery Life:good Sound Quality:good Comfort:good bhut jaldi Parsal ayia ha packing to achi thi dillvery time par ho gyi thi kam price me bhut acha products h thanks Daraz,4.4,Ratings 6224,https://www.daraz.pk/products/31-52-7-i280841902.html
air 31 ear pod dual 5.2 earbuds handfree bluetooth wireless earbuds headphones i 7 mini bluetooth headset earbud single wireless earphone with mic stereo for all phones,Sound Quality:1000 Battery Life:100 Comfort:100 bohat khubsurat h ye itni kaam price m Kamal h Left Right ki Allah Sy battery h,4.4,Ratings 6224,https://www.daraz.pk/products/31-52-7-i280841902.html
air 31 ear pod dual 5.2 earbuds handfree bluetooth wireless earbuds headphones i 7 mini bluetooth headset earbud single wireless earphone with mic stereo for all phones,km price me bohot acha product he I like it 😍0,4.4,Ratings 6224,https://www.daraz.pk/products/31-52-7-i280841902.html
air 31 ear pod dual 5.2 earbuds handfree bluetooth wireless earbuds headphones i 7 mini bluetooth headset earbud single wireless earphone with mic stereo for all phones,Battery Life:good Sound Quality:good Comfort:good bhut jaldi Parsal ayia ha packing to achi thi dillvery time par ho gyi thi kam price me bhut acha products h thanks Daraz0,4.4,Ratings 6224,https://www.daraz.pk/products/31-52-7-i280841902.html
air 31 ear pod dual 5.2 earbuds handfree bluetooth wireless earbuds headphones i 7 mini bluetooth headset earbud single wireless earphone with mic stereo for all phones,Sound Quality:1000 Battery Life:100 Comfort:100 bohat khubsurat h ye itni kaam price m Kamal h Left Right ki Allah Sy battery h0,4.4,Ratings 6224,https://www.daraz.pk/products/31-52-7-i280841902.html
wireless earbuds headphones bluetooth earpods sports stereo airbuds noise canceling headphone microphone speaker with led light headphones,4.6/5304 Ratings26856420,4.5,Ratings 118,https://www.daraz.pk/products/led-i1964559878.html
wireless earbuds headphones bluetooth earpods sports stereo airbuds noise canceling headphone microphone speaker with led light headphones,4.6/5304 Ratings26856420,4.6,Ratings 304,https://www.daraz.pk/products/-i1964603364.html
wireless earbuds headphones bluetooth earpods sports stereo airbuds noise canceling headphone microphone speaker with led light headphones,Maine black order kiya tha aapane word bhej diya yah to Koi masla Nahin per iska charging check kharab hai charge Nahin ho raha hai yah kharab hai 🤔🤔😡😡 ek to yah 10 din ke andar pahunch gaya slow . mujhe wapas Paisa chahie ya kharab hai aapko video bhi dikhaya,4.5,Ratings 118,https://www.daraz.pk/products/led-i1964559878.html
wireless earbuds headphones bluetooth earpods sports stereo airbuds noise canceling headphone microphone speaker with led light headphones,Maine black order kiya tha aapane word bhej diya yah to Koi masla Nahin per iska charging check kharab hai charge Nahin ho raha hai yah kharab hai 🤔🤔😡😡 ek to yah 10 din ke andar pahunch gaya slow . mujhe wapas Paisa chahie ya kharab hai aapko video bhi dikhaya,4.6,Ratings 304,https://www.daraz.pk/products/-i1964603364.html
wireless earbuds headphones bluetooth earpods sports stereo airbuds noise canceling headphone microphone speaker with led light headphones,old sell but show new useable products sell it's bad for daraz,4.5,Ratings 118,https://www.daraz.pk/products/led-i1964559878.html
wireless earbuds headphones bluetooth earpods sports stereo airbuds noise canceling headphone microphone speaker with led light headphones,old sell but show new useable products sell it's bad for daraz,4.6,Ratings 304,https://www.daraz.pk/products/-i1964603364.html
wireless earbuds headphones bluetooth earpods sports stereo airbuds noise canceling headphone microphone speaker with led light headphones,Sound Quality:Good Battery Life:Sahi hai not bad but not good Comfort:if you got piercings to ye bohot comfortable hai for pierced ear wasn't same as shown but satisfied,4.5,Ratings 118,https://www.daraz.pk/products/led-i1964559878.html
wireless earbuds headphones bluetooth earpods sports stereo airbuds noise canceling headphone microphone speaker with led light headphones,Sound Quality:Good Battery Life:Sahi hai not bad but not good Comfort:if you got piercings to ye bohot comfortable hai for pierced ear wasn't same as shown but satisfied,4.6,Ratings 304,https://www.daraz.pk/products/-i1964603364.html
wireless earbuds headphones bluetooth earpods sports stereo airbuds noise canceling headphone microphone speaker with led light headphones,Maine black order kiya tha aapane word bhej diya yah to Koi masla Nahin per iska charging check kharab hai charge Nahin ho raha hai yah kharab hai 🤔🤔😡😡 ek to yah 10 din ke andar pahunch gaya slow . mujhe wapas Paisa chahie ya kharab hai aapko video bhi dikhaya0,4.5,Ratings 118,https://www.daraz.pk/products/led-i1964559878.html
wireless earbuds headphones bluetooth earpods sports stereo airbuds noise canceling headphone microphone speaker with led light headphones,Maine black order kiya tha aapane word bhej diya yah to Koi masla Nahin per iska charging check kharab hai charge Nahin ho raha hai yah kharab hai 🤔🤔😡😡 ek to yah 10 din ke andar pahunch gaya slow . mujhe wapas Paisa chahie ya kharab hai aapko video bhi dikhaya0,4.6,Ratings 304,https://www.daraz.pk/products/-i1964603364.html
wireless earbuds headphones bluetooth earpods sports stereo airbuds noise canceling headphone microphone speaker with led light headphones,old sell but show new useable products sell it's bad for daraz0,4.5,Ratings 118,https://www.daraz.pk/products/led-i1964559878.html
wireless earbuds headphones bluetooth earpods sports stereo airbuds noise canceling headphone microphone speaker with led light headphones,old sell but show new useable products sell it's bad for daraz0,4.6,Ratings 304,https://www.daraz.pk/products/-i1964603364.html
wireless earbuds headphones bluetooth earpods sports stereo airbuds noise canceling headphone microphone speaker with led light headphones,Sound Quality:Good Battery Life:Sahi hai not bad but not good Comfort:if you got piercings to ye bohot comfortable hai for pierced ear wasn't same as shown but satisfied0,4.5,Ratings 118,https://www.daraz.pk/products/led-i1964559878.html
wireless earbuds headphones bluetooth earpods sports stereo airbuds noise canceling headphone microphone speaker with led light headphones,Sound Quality:Good Battery Life:Sahi hai not bad but not good Comfort:if you got piercings to ye bohot comfortable hai for pierced ear wasn't same as shown but satisfied0,4.6,Ratings 304,https://www.daraz.pk/products/-i1964603364.html
"air buds/ bluetooth earphones headphones outdoor sports earbuds air-pod pro 2nd generation - wireless earbuds, air pro anc cancelltaion",4.6/585 Ratings715225,4.6,Ratings 85,https://www.daraz.pk/products/2nd-i1948689808.html
"air buds/ bluetooth earphones headphones outdoor sports earbuds air-pod pro 2nd generation - wireless earbuds, air pro anc cancelltaion",Sound Quality:achi h Kafi Battery Life:3 hours h backup bhot ziada nh h guzara h bs Comfort:comfortable h smooth h data cable nh h delivery Kafi fast thi sab Kuch acha h bs bettery timing 5 hours tou hone chahiye thy but phr b is price m bahtreen h,4.6,Ratings 85,https://www.daraz.pk/products/2nd-i1948689808.html
"air buds/ bluetooth earphones headphones outdoor sports earbuds air-pod pro 2nd generation - wireless earbuds, air pro anc cancelltaion",Sound Quality:excellent Battery Life:amazing Comfort:very comfortable and reliable,4.6,Ratings 85,https://www.daraz.pk/products/2nd-i1948689808.html
"air buds/ bluetooth earphones headphones outdoor sports earbuds air-pod pro 2nd generation - wireless earbuds, air pro anc cancelltaion",Sound Quality:buhat acha hai sound Battery Life:mene kal ka kiya hai abhi bhi 63 baqi hai Comfort:achi quality hai,4.6,Ratings 85,https://www.daraz.pk/products/2nd-i1948689808.html
"air buds/ bluetooth earphones headphones outdoor sports earbuds air-pod pro 2nd generation - wireless earbuds, air pro anc cancelltaion",Sound Quality:achi h Kafi Battery Life:3 hours h backup bhot ziada nh h guzara h bs Comfort:comfortable h smooth h data cable nh h delivery Kafi fast thi sab Kuch acha h bs bettery timing 5 hours tou hone chahiye thy but phr b is price m bahtreen h0,4.6,Ratings 85,https://www.daraz.pk/products/2nd-i1948689808.html
"air buds/ bluetooth earphones headphones outdoor sports earbuds air-pod pro 2nd generation - wireless earbuds, air pro anc cancelltaion",Sound Quality:excellent Battery Life:amazing Comfort:very comfortable and reliable0,4.6,Ratings 85,https://www.daraz.pk/products/2nd-i1948689808.html
"air buds/ bluetooth earphones headphones outdoor sports earbuds air-pod pro 2nd generation - wireless earbuds, air pro anc cancelltaion",Sound Quality:buhat acha hai sound Battery Life:mene kal ka kiya hai abhi bhi 63 baqi hai Comfort:achi quality hai0,4.6,Ratings 85,https://www.daraz.pk/products/2nd-i1948689808.html
"wireless earbuds, bluetooth earbuds, tws, noise cancelling, touch control, hd sound, gaming, type-c charging, all smart phones compatible.",4.5/583 Ratings673444,4.5,Ratings 83,https://www.daraz.pk/products/-i1964042544.html
"wireless earbuds, bluetooth earbuds, tws, noise cancelling, touch control, hd sound, gaming, type-c charging, all smart phones compatible.",Sound Quality:10/10 Battery Life:10/10 Comfort:too Good mujhy bhttt achi lagi inki packing or earbuds bhi is price m best product h 😍highly recommended thank you seller and Daraz,4.5,Ratings 83,https://www.daraz.pk/products/-i1964042544.html
"wireless earbuds, bluetooth earbuds, tws, noise cancelling, touch control, hd sound, gaming, type-c charging, all smart phones compatible.","Arrived the same day on which I had ordered. They were peexactly wrapped in multiple layers to ensure they did jot get damaged. Got the item as exactly described by the seller. Switching them on, interfacing them with my mobile was seamless. The case also charges them and displays the level of charging. The lights on the buds turn off when they are fully charged. The sound was perfect and so was the mic. Will iA update in detail on their battery timings after a week. for now, I recommend it",4.5,Ratings 83,https://www.daraz.pk/products/-i1964042544.html
"wireless earbuds, bluetooth earbuds, tws, noise cancelling, touch control, hd sound, gaming, type-c charging, all smart phones compatible.",this is too good in this price range highly recommend saller bhoot acha h or delivery bi time pr hui NYC Comfort:10 % Sound Quality:is good battery timings bi thek h Noise Isolation:all good,4.5,Ratings 83,https://www.daraz.pk/products/-i1964042544.html
"wireless earbuds, bluetooth earbuds, tws, noise cancelling, touch control, hd sound, gaming, type-c charging, all smart phones compatible.",Sound Quality:10/10 Battery Life:10/10 Comfort:too Good mujhy bhttt achi lagi inki packing or earbuds bhi is price m best product h 😍highly recommended thank you seller and Daraz0,4.5,Ratings 83,https://www.daraz.pk/products/-i1964042544.html
"wireless earbuds, bluetooth earbuds, tws, noise cancelling, touch control, hd sound, gaming, type-c charging, all smart phones compatible.","Arrived the same day on which I had ordered. They were peexactly wrapped in multiple layers to ensure they did jot get damaged. Got the item as exactly described by the seller. Switching them on, interfacing them with my mobile was seamless. The case also charges them and displays the level of charging. The lights on the buds turn off when they are fully charged. The sound was perfect and so was the mic. Will iA update in detail on their battery timings after a week. for now, I recommend it0",4.5,Ratings 83,https://www.daraz.pk/products/-i1964042544.html
"wireless earbuds, bluetooth earbuds, tws, noise cancelling, touch control, hd sound, gaming, type-c charging, all smart phones compatible.",this is too good in this price range highly recommend saller bhoot acha h or delivery bi time pr hui NYC Comfort:10 % Sound Quality:is good battery timings bi thek h Noise Isolation:all good0,4.5,Ratings 83,https://www.daraz.pk/products/-i1964042544.html
"895b m04 wireless earhook bluetooth 5.4 earbuds – m04 earbuds with hd sound, noise cancelling mic, type-c fast charging, long battery life, waterproof sports & gaming headset, hi-fi stereo bass,touch control,sweatproof wireless earphones for android & ios",4.7/532 Ratings272111,4.7,Ratings 32,https://www.daraz.pk/products/895b-m04-5-m04-hd-c-hi-fi-i912218662.html
"895b m04 wireless earhook bluetooth 5.4 earbuds – m04 earbuds with hd sound, noise cancelling mic, type-c fast charging, long battery life, waterproof sports & gaming headset, hi-fi stereo bass,touch control,sweatproof wireless earphones for android & ios",Sound Quality:very good 🥰🥰 Battery Life:bhut acha hai 💯💯💯 Comfort:very comfortable thanks 👍👍👍 asslam alikum everyone meny daraz sa online earbud mangwaiy ma expection itni nhi thi jitna acha saller na Earbuds behja boht behtren chez h Meny 1 hour 30 mint use kiya 30% charge giri behtren chez h ap sab k liya b ya recommend karon ga Thank you saller 🩷,4.7,Ratings 32,https://www.daraz.pk/products/895b-m04-5-m04-hd-c-hi-fi-i912218662.html
"895b m04 wireless earhook bluetooth 5.4 earbuds – m04 earbuds with hd sound, noise cancelling mic, type-c fast charging, long battery life, waterproof sports & gaming headset, hi-fi stereo bass,touch control,sweatproof wireless earphones for android & ios",Sound Quality:very good Battery Life:Excellent h Comfort:very good Thank u so much Daraz 🧡 main ne 2 din use kia ache tareqe se phir Review dia Sound is good battery 🔋 timing bi bilkul tkh hai am so happy 😊 again thank you so much Daraz 🥰🥰🥰 boht achi quality Mein hai jesi dekho wesi hi Mili hai thanks draz 💕💕 boht achi quality Mein hai jesi dekho wesi hi Mili hai thanks draz 💕💕,4.7,Ratings 32,https://www.daraz.pk/products/895b-m04-5-m04-hd-c-hi-fi-i912218662.html
"895b m04 wireless earhook bluetooth 5.4 earbuds – m04 earbuds with hd sound, noise cancelling mic, type-c fast charging, long battery life, waterproof sports & gaming headset, hi-fi stereo bass,touch control,sweatproof wireless earphones for android & ios",Sound Quality:perfect Comfort:it's better Battery Life:Bluetooth charging timing is not correct.,4.7,Ratings 32,https://www.daraz.pk/products/895b-m04-5-m04-hd-c-hi-fi-i912218662.html
"895b m04 wireless earhook bluetooth 5.4 earbuds – m04 earbuds with hd sound, noise cancelling mic, type-c fast charging, long battery life, waterproof sports & gaming headset, hi-fi stereo bass,touch control,sweatproof wireless earphones for android & ios",Sound Quality:very good 🥰🥰 Battery Life:bhut acha hai 💯💯💯 Comfort:very comfortable thanks 👍👍👍 asslam alikum everyone meny daraz sa online earbud mangwaiy ma expection itni nhi thi jitna acha saller na Earbuds behja boht behtren chez h Meny 1 hour 30 mint use kiya 30% charge giri behtren chez h ap sab k liya b ya recommend karon ga Thank you saller 🩷0,4.7,Ratings 32,https://www.daraz.pk/products/895b-m04-5-m04-hd-c-hi-fi-i912218662.html
"895b m04 wireless earhook bluetooth 5.4 earbuds – m04 earbuds with hd sound, noise cancelling mic, type-c fast charging, long battery life, waterproof sports & gaming headset, hi-fi stereo bass,touch control,sweatproof wireless earphones for android & ios",Sound Quality:very good Battery Life:Excellent h Comfort:very good Thank u so much Daraz 🧡 main ne 2 din use kia ache tareqe se phir Review dia Sound is good battery 🔋 timing bi bilkul tkh hai am so happy 😊 again thank you so much Daraz 🥰🥰🥰 boht achi quality Mein hai jesi dekho wesi hi Mili hai thanks draz 💕💕 boht achi quality Mein hai jesi dekho wesi hi Mili hai thanks draz 💕💕0,4.7,Ratings 32,https://www.daraz.pk/products/895b-m04-5-m04-hd-c-hi-fi-i912218662.html
"895b m04 wireless earhook bluetooth 5.4 earbuds – m04 earbuds with hd sound, noise cancelling mic, type-c fast charging, long battery life, waterproof sports & gaming headset, hi-fi stereo bass,touch control,sweatproof wireless earphones for android & ios",Sound Quality:perfect Comfort:it's better Battery Life:Bluetooth charging timing is not correct.0,4.7,Ratings 32,https://www.daraz.pk/products/895b-m04-5-m04-hd-c-hi-fi-i912218662.html
"airbuds, earbuds, wireless earbuds, bluetooth earbuds, tws earbuds, airbuds bluetooth earphones, wireless earphones, touch control, hd sound, deep bass, enc noise cancellation, gaming earbuds, led display, long battery",4.7/586 Ratings762215,4.7,Ratings 86,https://www.daraz.pk/products/tws-hd-enc-led-i1965695592.html
"airbuds, earbuds, wireless earbuds, bluetooth earbuds, tws earbuds, airbuds bluetooth earphones, wireless earphones, touch control, hd sound, deep bass, enc noise cancellation, gaming earbuds, led display, long battery",4.7/586 Ratings762215,4.8,Ratings 24,https://www.daraz.pk/products/tws-hd-enc-led-i1965689421.html
"airbuds, earbuds, wireless earbuds, bluetooth earbuds, tws earbuds, airbuds bluetooth earphones, wireless earphones, touch control, hd sound, deep bass, enc noise cancellation, gaming earbuds, led display, long battery",Jo Pics me dekhaya hai wo he send kiya h best Product Sound quality Bhut Achi hai 😍🥰💯👌 Battery Timing is also good 😊💯 thanks Daraz,4.7,Ratings 86,https://www.daraz.pk/products/tws-hd-enc-led-i1965695592.html
"airbuds, earbuds, wireless earbuds, bluetooth earbuds, tws earbuds, airbuds bluetooth earphones, wireless earphones, touch control, hd sound, deep bass, enc noise cancellation, gaming earbuds, led display, long battery",Jo Pics me dekhaya hai wo he send kiya h best Product Sound quality Bhut Achi hai 😍🥰💯👌 Battery Timing is also good 😊💯 thanks Daraz,4.8,Ratings 24,https://www.daraz.pk/products/tws-hd-enc-led-i1965689421.html
"airbuds, earbuds, wireless earbuds, bluetooth earbuds, tws earbuds, airbuds bluetooth earphones, wireless earphones, touch control, hd sound, deep bass, enc noise cancellation, gaming earbuds, led display, long battery",I didn't receive what I order 😒. this is not fear bro 😤 I ordered a white one but here come is black ⚫️. and also charge cable not available.,4.7,Ratings 86,https://www.daraz.pk/products/tws-hd-enc-led-i1965695592.html
"airbuds, earbuds, wireless earbuds, bluetooth earbuds, tws earbuds, airbuds bluetooth earphones, wireless earphones, touch control, hd sound, deep bass, enc noise cancellation, gaming earbuds, led display, long battery",I didn't receive what I order 😒. this is not fear bro 😤 I ordered a white one but here come is black ⚫️. and also charge cable not available.,4.8,Ratings 24,https://www.daraz.pk/products/tws-hd-enc-led-i1965689421.html
"airbuds, earbuds, wireless earbuds, bluetooth earbuds, tws earbuds, airbuds bluetooth earphones, wireless earphones, touch control, hd sound, deep bass, enc noise cancellation, gaming earbuds, led display, long battery",Sound Quality:average Battery Life:not tested yet Comfort:7 puri chezayn nhi i na cable or na hi rubbers I hn or packing b average thi koi box kch b nhi single item I thi,4.7,Ratings 86,https://www.daraz.pk/products/tws-hd-enc-led-i1965695592.html
"airbuds, earbuds, wireless earbuds, bluetooth earbuds, tws earbuds, airbuds bluetooth earphones, wireless earphones, touch control, hd sound, deep bass, enc noise cancellation, gaming earbuds, led display, long battery",Sound Quality:average Battery Life:not tested yet Comfort:7 puri chezayn nhi i na cable or na hi rubbers I hn or packing b average thi koi box kch b nhi single item I thi,4.8,Ratings 24,https://www.daraz.pk/products/tws-hd-enc-led-i1965689421.html
"airbuds, earbuds, wireless earbuds, bluetooth earbuds, tws earbuds, airbuds bluetooth earphones, wireless earphones, touch control, hd sound, deep bass, enc noise cancellation, gaming earbuds, led display, long battery",Jo Pics me dekhaya hai wo he send kiya h best Product Sound quality Bhut Achi hai 😍🥰💯👌 Battery Timing is also good 😊💯 thanks Daraz0,4.7,Ratings 86,https://www.daraz.pk/products/tws-hd-enc-led-i1965695592.html
"airbuds, earbuds, wireless earbuds, bluetooth earbuds, tws earbuds, airbuds bluetooth earphones, wireless earphones, touch control, hd sound, deep bass, enc noise cancellation, gaming earbuds, led display, long battery",Jo Pics me dekhaya hai wo he send kiya h best Product Sound quality Bhut Achi hai 😍🥰💯👌 Battery Timing is also good 😊💯 thanks Daraz0,4.8,Ratings 24,https://www.daraz.pk/products/tws-hd-enc-led-i1965689421.html
"airbuds, earbuds, wireless earbuds, bluetooth earbuds, tws earbuds, airbuds bluetooth earphones, wireless earphones, touch control, hd sound, deep bass, enc noise cancellation, gaming earbuds, led display, long battery",I didn't receive what I order 😒. this is not fear bro 😤 I ordered a white one but here come is black ⚫️. and also charge cable not available.0,4.7,Ratings 86,https://www.daraz.pk/products/tws-hd-enc-led-i1965695592.html
"airbuds, earbuds, wireless earbuds, bluetooth earbuds, tws earbuds, airbuds bluetooth earphones, wireless earphones, touch control, hd sound, deep bass, enc noise cancellation, gaming earbuds, led display, long battery",I didn't receive what I order 😒. this is not fear bro 😤 I ordered a white one but here come is black ⚫️. and also charge cable not available.0,4.8,Ratings 24,https://www.daraz.pk/products/tws-hd-enc-led-i1965689421.html
"airbuds, earbuds, wireless earbuds, bluetooth earbuds, tws earbuds, airbuds bluetooth earphones, wireless earphones, touch control, hd sound, deep bass, enc noise cancellation, gaming earbuds, led display, long battery",Sound Quality:average Battery Life:not tested yet Comfort:7 puri chezayn nhi i na cable or na hi rubbers I hn or packing b average thi koi box kch b nhi single item I thi0,4.7,Ratings 86,https://www.daraz.pk/products/tws-hd-enc-led-i1965695592.html
"airbuds, earbuds, wireless earbuds, bluetooth earbuds, tws earbuds, airbuds bluetooth earphones, wireless earphones, touch control, hd sound, deep bass, enc noise cancellation, gaming earbuds, led display, long battery",Sound Quality:average Battery Life:not tested yet Comfort:7 puri chezayn nhi i na cable or na hi rubbers I hn or packing b average thi koi box kch b nhi single item I thi0,4.8,Ratings 24,https://www.daraz.pk/products/tws-hd-enc-led-i1965689421.html
m10 wireless bluetooth earbuds - tws earphones with charging case,4.2/5878 Ratings609774837105,4.2,Ratings 878,https://www.daraz.pk/products/m10-wireless-bluetooth-earbuds-tws-earphones-with-charging-case-i269532475.html
m10 wireless bluetooth earbuds - tws earphones with charging case,Sound Quality: good Battery Life:10 hours Comfort:very essy,4.2,Ratings 878,https://www.daraz.pk/products/m10-wireless-bluetooth-earbuds-tws-earphones-with-charging-case-i269532475.html
m10 wireless bluetooth earbuds - tws earphones with charging case,batri chargnahi ho rahi case ki or ak ak adad aya hay,4.2,Ratings 878,https://www.daraz.pk/products/m10-wireless-bluetooth-earbuds-tws-earphones-with-charging-case-i269532475.html
m10 wireless bluetooth earbuds - tws earphones with charging case,good 👍,4.2,Ratings 878,https://www.daraz.pk/products/m10-wireless-bluetooth-earbuds-tws-earphones-with-charging-case-i269532475.html
m10 wireless bluetooth earbuds - tws earphones with charging case,Sound Quality: good Battery Life:10 hours Comfort:very essy0,4.2,Ratings 878,https://www.daraz.pk/products/m10-wireless-bluetooth-earbuds-tws-earphones-with-charging-case-i269532475.html
m10 wireless bluetooth earbuds - tws earphones with charging case,batri chargnahi ho rahi case ki or ak ak adad aya hay0,4.2,Ratings 878,https://www.daraz.pk/products/m10-wireless-bluetooth-earbuds-tws-earphones-with-charging-case-i269532475.html
m10 wireless bluetooth earbuds - tws earphones with charging case,good 👍0,4.2,Ratings 878,https://www.daraz.pk/products/m10-wireless-bluetooth-earbuds-tws-earphones-with-charging-case-i269532475.html
"orignal m19 & m10 & air31tws air pod with super sound & high quality touch sensors true stereo headphones with built in mic 10m transmission bluetooth wireless earbuds , charging case sport headset for all bluetooth smart devices.",4.3/516 Ratings130003,4.3,Ratings 16,https://www.daraz.pk/products/orignal-m19-m10-air31tws-air-pod-with-super-sound-high-quality-touch-sensors-true-stereo-headphones-with-built-in-mic-10m-transmission-bluetooth-wireless-earbuds-charging-case-sport-headset-for-all-bluetooth-smart-devices-i1963710158.html
"orignal m19 & m10 & air31tws air pod with super sound & high quality touch sensors true stereo headphones with built in mic 10m transmission bluetooth wireless earbuds , charging case sport headset for all bluetooth smart devices.",Sound Quality:achi hy Battery Life:3/10 Comfort:5/10 third hand han koi bi na ly istamal shuda hy baki apki Marzi aur delivery 10 din bad ai hy seller not recommend,4.3,Ratings 16,https://www.daraz.pk/products/orignal-m19-m10-air31tws-air-pod-with-super-sound-high-quality-touch-sensors-true-stereo-headphones-with-built-in-mic-10m-transmission-bluetooth-wireless-earbuds-charging-case-sport-headset-for-all-bluetooth-smart-devices-i1963710158.html
"orignal m19 & m10 & air31tws air pod with super sound & high quality touch sensors true stereo headphones with built in mic 10m transmission bluetooth wireless earbuds , charging case sport headset for all bluetooth smart devices.","Sound Quality:4 Battery Life:6 Comfort:7 bht halki quality hy, 3/4 month chal jaey to brhi baat hy. . . scrathes bhi lagy huey hen ,packing 2rupy wali theli men. . used product lg rahi hy. . bht kharab experience raha. . afsos!!",4.3,Ratings 16,https://www.daraz.pk/products/orignal-m19-m10-air31tws-air-pod-with-super-sound-high-quality-touch-sensors-true-stereo-headphones-with-built-in-mic-10m-transmission-bluetooth-wireless-earbuds-charging-case-sport-headset-for-all-bluetooth-smart-devices-i1963710158.html
"orignal m19 & m10 & air31tws air pod with super sound & high quality touch sensors true stereo headphones with built in mic 10m transmission bluetooth wireless earbuds , charging case sport headset for all bluetooth smart devices.",mene 2pcs ka order kra th lekin received srf ek hi hoa he bilkul hi bekar seller he,4.3,Ratings 16,https://www.daraz.pk/products/orignal-m19-m10-air31tws-air-pod-with-super-sound-high-quality-touch-sensors-true-stereo-headphones-with-built-in-mic-10m-transmission-bluetooth-wireless-earbuds-charging-case-sport-headset-for-all-bluetooth-smart-devices-i1963710158.html
"orignal m19 & m10 & air31tws air pod with super sound & high quality touch sensors true stereo headphones with built in mic 10m transmission bluetooth wireless earbuds , charging case sport headset for all bluetooth smart devices.",Sound Quality:achi hy Battery Life:3/10 Comfort:5/10 third hand han koi bi na ly istamal shuda hy baki apki Marzi aur delivery 10 din bad ai hy seller not recommend0,4.3,Ratings 16,https://www.daraz.pk/products/orignal-m19-m10-air31tws-air-pod-with-super-sound-high-quality-touch-sensors-true-stereo-headphones-with-built-in-mic-10m-transmission-bluetooth-wireless-earbuds-charging-case-sport-headset-for-all-bluetooth-smart-devices-i1963710158.html
"orignal m19 & m10 & air31tws air pod with super sound & high quality touch sensors true stereo headphones with built in mic 10m transmission bluetooth wireless earbuds , charging case sport headset for all bluetooth smart devices.","Sound Quality:4 Battery Life:6 Comfort:7 bht halki quality hy, 3/4 month chal jaey to brhi baat hy. . . scrathes bhi lagy huey hen ,packing 2rupy wali theli men. . used product lg rahi hy. . bht kharab experience raha. . afsos!!0",4.3,Ratings 16,https://www.daraz.pk/products/orignal-m19-m10-air31tws-air-pod-with-super-sound-high-quality-touch-sensors-true-stereo-headphones-with-built-in-mic-10m-transmission-bluetooth-wireless-earbuds-charging-case-sport-headset-for-all-bluetooth-smart-devices-i1963710158.html
"orignal m19 & m10 & air31tws air pod with super sound & high quality touch sensors true stereo headphones with built in mic 10m transmission bluetooth wireless earbuds , charging case sport headset for all bluetooth smart devices.",mene 2pcs ka order kra th lekin received srf ek hi hoa he bilkul hi bekar seller he0,4.3,Ratings 16,https://www.daraz.pk/products/orignal-m19-m10-air31tws-air-pod-with-super-sound-high-quality-touch-sensors-true-stereo-headphones-with-built-in-mic-10m-transmission-bluetooth-wireless-earbuds-charging-case-sport-headset-for-all-bluetooth-smart-devices-i1963710158.html
"m10 air buds - premium wireless earbuds, air pro, air buds, earpods with stereo sound, ipx5 waterproof, and ergonomic design",4.3/529 Ratings230114,4.3,Ratings 29,https://www.daraz.pk/products/m10-ipx5-i1950447661.html
"m10 air buds - premium wireless earbuds, air pro, air buds, earpods with stereo sound, ipx5 waterproof, and ergonomic design","Sound Quality:Very Good 👍😊 Battery Life:Nice 🙂 Comfort:Very Good 👍😊 Very Nice Packing , In Bluetooth Also a Amazing l Light & USB port Mini Charging Bank. ❤️ Sound Quality:✨ Battery Life:👍🏻 Comfort:🔥 Highly Recommend ✅ Thanks To Daraz & Seller.",4.3,Ratings 29,https://www.daraz.pk/products/m10-ipx5-i1950447661.html
"m10 air buds - premium wireless earbuds, air pro, air buds, earpods with stereo sound, ipx5 waterproof, and ergonomic design",Jeb main ney ye receive kiye to iss ki battery bilkul low honey ki waja sey ye kaam nhi ker rahey they main confuse ho gya uss k Baad main ney charge ker k daikha to ye sahi kaam kerney lagey price k lehaaz sey ye AK achi product hei Sound Quality:good Battery Life:good Comfort:good,4.3,Ratings 29,https://www.daraz.pk/products/m10-ipx5-i1950447661.html
"m10 air buds - premium wireless earbuds, air pro, air buds, earpods with stereo sound, ipx5 waterproof, and ergonomic design","Sound Quality:Very Good 👍😊 Battery Life:Nice 🙂 Comfort:Very Good 👍😊 Very Nice Packing , In Bluetooth Also a Amazing l Light & USB port Mini Charging Bank. ❤️ Sound Quality:✨ Battery Life:👍🏻 Comfort:🔥 Highly Recommend ✅ Thanks To Daraz & Seller.0",4.3,Ratings 29,https://www.daraz.pk/products/m10-ipx5-i1950447661.html
"m10 air buds - premium wireless earbuds, air pro, air buds, earpods with stereo sound, ipx5 waterproof, and ergonomic design",Jeb main ney ye receive kiye to iss ki battery bilkul low honey ki waja sey ye kaam nhi ker rahey they main confuse ho gya uss k Baad main ney charge ker k daikha to ye sahi kaam kerney lagey price k lehaaz sey ye AK achi product hei Sound Quality:good Battery Life:good Comfort:good0,4.3,Ratings 29,https://www.daraz.pk/products/m10-ipx5-i1950447661.html
stereo m04  air pod wireless bluetooth earphones - stereo sound with english voice prompt and low power consumption,3.5/53577 Ratings1832300280215946,3.5,Ratings 3577,https://www.daraz.pk/products/04-i268756696.html
stereo m04  air pod wireless bluetooth earphones - stereo sound with english voice prompt and low power consumption,very fast delivery 2 days ya price kay lihaz se bohat acha ہے Sound Quality:10/9 Battery Life:10/10 Comfort:10/10,3.5,Ratings 3577,https://www.daraz.pk/products/04-i268756696.html
stereo m04  air pod wireless bluetooth earphones - stereo sound with english voice prompt and low power consumption,ye kharab hai mne logo pe bharosa kr ke lia tha review ache the to buy kia lakin jhut hai charger bhi nai hui or chal bhi nai rhi,3.5,Ratings 3577,https://www.daraz.pk/products/04-i268756696.html
stereo m04  air pod wireless bluetooth earphones - stereo sound with english voice prompt and low power consumption,Satisfactory quality in the price. Sound quality is a bit shaky. Appearance is good. Easy to use.,3.5,Ratings 3577,https://www.daraz.pk/products/04-i268756696.html
stereo m04  air pod wireless bluetooth earphones - stereo sound with english voice prompt and low power consumption,very fast delivery 2 days ya price kay lihaz se bohat acha ہے Sound Quality:10/9 Battery Life:10/10 Comfort:10/100,3.5,Ratings 3577,https://www.daraz.pk/products/04-i268756696.html
stereo m04  air pod wireless bluetooth earphones - stereo sound with english voice prompt and low power consumption,ye kharab hai mne logo pe bharosa kr ke lia tha review ache the to buy kia lakin jhut hai charger bhi nai hui or chal bhi nai rhi0,3.5,Ratings 3577,https://www.daraz.pk/products/04-i268756696.html
stereo m04  air pod wireless bluetooth earphones - stereo sound with english voice prompt and low power consumption,Satisfactory quality in the price. Sound quality is a bit shaky. Appearance is good. Easy to use.0,3.5,Ratings 3577,https://www.daraz.pk/products/04-i268756696.html
new m10 m04 stereo wireless bluetooth headset air pod handfree earbuds airdots hanging ear unisex driving can answer the phone long standby 1 minute fast charge single headsr,4.2/51452 Ratings10221378044167,4.2,Ratings 1452,https://www.daraz.pk/products/m10-m04-1-i269134053.html
new m10 m04 stereo wireless bluetooth headset air pod handfree earbuds airdots hanging ear unisex driving can answer the phone long standby 1 minute fast charge single headsr,good quality delivery service is also very fast I am very thankful to seller that they send me very good product as same as shown in picture,4.2,Ratings 1452,https://www.daraz.pk/products/m10-m04-1-i269134053.html
new m10 m04 stereo wireless bluetooth headset air pod handfree earbuds airdots hanging ear unisex driving can answer the phone long standby 1 minute fast charge single headsr,اسلام وعلیکم بہت شکریہ آپ کا اتنی قیمت میں بہت اچھی ہے آواز میں تھوڑا سا فرق ہے باقی سب اوکے سیلر اور داراز آپکا بہت شکریہ,4.2,Ratings 1452,https://www.daraz.pk/products/m10-m04-1-i269134053.html
new m10 m04 stereo wireless bluetooth headset air pod handfree earbuds airdots hanging ear unisex driving can answer the phone long standby 1 minute fast charge single headsr,"Very convenient Airpods, works perfectly Also the seller deserves more than 5 as he/she is very polite and guided the use very thoroughly❤️❤️❤️ If we talk about usage so it takes almost a max of an hour to fully charge and after that I could use it for 4-5 hrs non stop I’m Completely satisfied with everything",4.2,Ratings 1452,https://www.daraz.pk/products/m10-m04-1-i269134053.html
new m10 m04 stereo wireless bluetooth headset air pod handfree earbuds airdots hanging ear unisex driving can answer the phone long standby 1 minute fast charge single headsr,good quality delivery service is also very fast I am very thankful to seller that they send me very good product as same as shown in picture0,4.2,Ratings 1452,https://www.daraz.pk/products/m10-m04-1-i269134053.html
new m10 m04 stereo wireless bluetooth headset air pod handfree earbuds airdots hanging ear unisex driving can answer the phone long standby 1 minute fast charge single headsr,اسلام وعلیکم بہت شکریہ آپ کا اتنی قیمت میں بہت اچھی ہے آواز میں تھوڑا سا فرق ہے باقی سب اوکے سیلر اور داراز آپکا بہت شکریہ0,4.2,Ratings 1452,https://www.daraz.pk/products/m10-m04-1-i269134053.html
new m10 m04 stereo wireless bluetooth headset air pod handfree earbuds airdots hanging ear unisex driving can answer the phone long standby 1 minute fast charge single headsr,"Very convenient Airpods, works perfectly Also the seller deserves more than 5 as he/she is very polite and guided the use very thoroughly❤️❤️❤️ If we talk about usage so it takes almost a max of an hour to fully charge and after that I could use it for 4-5 hrs non stop I’m Completely satisfied with everything0",4.2,Ratings 1452,https://www.daraz.pk/products/m10-m04-1-i269134053.html
"air 31 true wireless earbuds with enc, bluetooth v5.3, led display, low latency, and mic transparent design, 10mm driver, 1-2 hour charging",4.4/5457 Ratings3562924840,4.4,Ratings 457,https://www.daraz.pk/products/air-31-true-wireless-earbuds-with-enc-bluetooth-v53-led-display-low-latency-and-mic-transparent-design-10mm-driver-1-2-hour-charging-i479505051.html
"air 31 true wireless earbuds with enc, bluetooth v5.3, led display, low latency, and mic transparent design, 10mm driver, 1-2 hour charging",📦✨ Finally Daraz ka parcel aa hi gaya! 😍 Chalo dekhte hain andar kya kya aya 👀🔥 Packaging bhi zabardast 😍📦 Daraz Unboxing ❤️ #Daraz #DarazPakistan #Unboxing #Parcel # #Shopping,4.4,Ratings 457,https://www.daraz.pk/products/air-31-true-wireless-earbuds-with-enc-bluetooth-v53-led-display-low-latency-and-mic-transparent-design-10mm-driver-1-2-hour-charging-i479505051.html
"air 31 true wireless earbuds with enc, bluetooth v5.3, led display, low latency, and mic transparent design, 10mm driver, 1-2 hour charging",Sound Quality:is very good Battery Life:Very acceptable Comfort:Nice bass/voice. Bluetooth range is very good too. All in all a product worth buying again. I am attaching a video and few photos. The casing is very beautiful too. Delivered within 2 days. Thanks to Seller for awesome product,4.4,Ratings 457,https://www.daraz.pk/products/air-31-true-wireless-earbuds-with-enc-bluetooth-v53-led-display-low-latency-and-mic-transparent-design-10mm-driver-1-2-hour-charging-i479505051.html
"air 31 true wireless earbuds with enc, bluetooth v5.3, led display, low latency, and mic transparent design, 10mm driver, 1-2 hour charging","Bhot hi behtreen Earbuds hai saat me silicon case b hai or 3 din k ander deliver b kar diya thanks seller, agher koi yahi airbuds karidna chata hai tho me isi seller ko refer karo ga. Thanks seller and thanks daraz.",4.4,Ratings 457,https://www.daraz.pk/products/air-31-true-wireless-earbuds-with-enc-bluetooth-v53-led-display-low-latency-and-mic-transparent-design-10mm-driver-1-2-hour-charging-i479505051.html
"air 31 true wireless earbuds with enc, bluetooth v5.3, led display, low latency, and mic transparent design, 10mm driver, 1-2 hour charging",📦✨ Finally Daraz ka parcel aa hi gaya! 😍 Chalo dekhte hain andar kya kya aya 👀🔥 Packaging bhi zabardast 😍📦 Daraz Unboxing ❤️ #Daraz #DarazPakistan #Unboxing #Parcel # #Shopping0,4.4,Ratings 457,https://www.daraz.pk/products/air-31-true-wireless-earbuds-with-enc-bluetooth-v53-led-display-low-latency-and-mic-transparent-design-10mm-driver-1-2-hour-charging-i479505051.html
"air 31 true wireless earbuds with enc, bluetooth v5.3, led display, low latency, and mic transparent design, 10mm driver, 1-2 hour charging",Sound Quality:is very good Battery Life:Very acceptable Comfort:Nice bass/voice. Bluetooth range is very good too. All in all a product worth buying again. I am attaching a video and few photos. The casing is very beautiful too. Delivered within 2 days. Thanks to Seller for awesome product0,4.4,Ratings 457,https://www.daraz.pk/products/air-31-true-wireless-earbuds-with-enc-bluetooth-v53-led-display-low-latency-and-mic-transparent-design-10mm-driver-1-2-hour-charging-i479505051.html
"air 31 true wireless earbuds with enc, bluetooth v5.3, led display, low latency, and mic transparent design, 10mm driver, 1-2 hour charging","Bhot hi behtreen Earbuds hai saat me silicon case b hai or 3 din k ander deliver b kar diya thanks seller, agher koi yahi airbuds karidna chata hai tho me isi seller ko refer karo ga. Thanks seller and thanks daraz.0",4.4,Ratings 457,https://www.daraz.pk/products/air-31-true-wireless-earbuds-with-enc-bluetooth-v53-led-display-low-latency-and-mic-transparent-design-10mm-driver-1-2-hour-charging-i479505051.html
"airbuds, earbuds, wireless earbuds, bluetooth earbuds, tws earbuds, airbuds bluetooth earphones, wireless earphones, touch control, hd sound, deep bass, enc noise cancellation, gaming earbuds, led display, long battery",4.8/524 Ratings221001,4.7,Ratings 86,https://www.daraz.pk/products/tws-hd-enc-led-i1965695592.html
"airbuds, earbuds, wireless earbuds, bluetooth earbuds, tws earbuds, airbuds bluetooth earphones, wireless earphones, touch control, hd sound, deep bass, enc noise cancellation, gaming earbuds, led display, long battery",4.8/524 Ratings221001,4.8,Ratings 24,https://www.daraz.pk/products/tws-hd-enc-led-i1965689421.html
"airbuds, earbuds, wireless earbuds, bluetooth earbuds, tws earbuds, airbuds bluetooth earphones, wireless earphones, touch control, hd sound, deep bass, enc noise cancellation, gaming earbuds, led display, long battery",Very good quality .It is same as shown in the pic .Sound quality is very amazing and delivery is also very impressive. I suggested you to purchase products from the seller,4.7,Ratings 86,https://www.daraz.pk/products/tws-hd-enc-led-i1965695592.html
"airbuds, earbuds, wireless earbuds, bluetooth earbuds, tws earbuds, airbuds bluetooth earphones, wireless earphones, touch control, hd sound, deep bass, enc noise cancellation, gaming earbuds, led display, long battery",Very good quality .It is same as shown in the pic .Sound quality is very amazing and delivery is also very impressive. I suggested you to purchase products from the seller,4.8,Ratings 24,https://www.daraz.pk/products/tws-hd-enc-led-i1965689421.html
"airbuds, earbuds, wireless earbuds, bluetooth earbuds, tws earbuds, airbuds bluetooth earphones, wireless earphones, touch control, hd sound, deep bass, enc noise cancellation, gaming earbuds, led display, long battery",boht buri service hai Jo cheez dikhao us se 1000 darjy ghatiya cheez di hai picture ma dekhoo bachoon ka khilona diya hai airpods k name par sharmindagi hai,4.7,Ratings 86,https://www.daraz.pk/products/tws-hd-enc-led-i1965695592.html
"airbuds, earbuds, wireless earbuds, bluetooth earbuds, tws earbuds, airbuds bluetooth earphones, wireless earphones, touch control, hd sound, deep bass, enc noise cancellation, gaming earbuds, led display, long battery",boht buri service hai Jo cheez dikhao us se 1000 darjy ghatiya cheez di hai picture ma dekhoo bachoon ka khilona diya hai airpods k name par sharmindagi hai,4.8,Ratings 24,https://www.daraz.pk/products/tws-hd-enc-led-i1965689421.html
"airbuds, earbuds, wireless earbuds, bluetooth earbuds, tws earbuds, airbuds bluetooth earphones, wireless earphones, touch control, hd sound, deep bass, enc noise cancellation, gaming earbuds, led display, long battery",Sound Quality:best quality ❤️👌 Battery Life:good. I love it Comfort:Kamal hein look was also classic. Is price mein sound aur look dono. Cheezin best hy. Satisfied thanks daraz. If you need it choose this store. My best experience ever on daraz 👌,4.7,Ratings 86,https://www.daraz.pk/products/tws-hd-enc-led-i1965695592.html
"airbuds, earbuds, wireless earbuds, bluetooth earbuds, tws earbuds, airbuds bluetooth earphones, wireless earphones, touch control, hd sound, deep bass, enc noise cancellation, gaming earbuds, led display, long battery",Sound Quality:best quality ❤️👌 Battery Life:good. I love it Comfort:Kamal hein look was also classic. Is price mein sound aur look dono. Cheezin best hy. Satisfied thanks daraz. If you need it choose this store. My best experience ever on daraz 👌,4.8,Ratings 24,https://www.daraz.pk/products/tws-hd-enc-led-i1965689421.html
"airbuds, earbuds, wireless earbuds, bluetooth earbuds, tws earbuds, airbuds bluetooth earphones, wireless earphones, touch control, hd sound, deep bass, enc noise cancellation, gaming earbuds, led display, long battery",Very good quality .It is same as shown in the pic .Sound quality is very amazing and delivery is also very impressive. I suggested you to purchase products from the seller0,4.7,Ratings 86,https://www.daraz.pk/products/tws-hd-enc-led-i1965695592.html
"airbuds, earbuds, wireless earbuds, bluetooth earbuds, tws earbuds, airbuds bluetooth earphones, wireless earphones, touch control, hd sound, deep bass, enc noise cancellation, gaming earbuds, led display, long battery",Very good quality .It is same as shown in the pic .Sound quality is very amazing and delivery is also very impressive. I suggested you to purchase products from the seller0,4.8,Ratings 24,https://www.daraz.pk/products/tws-hd-enc-led-i1965689421.html
"airbuds, earbuds, wireless earbuds, bluetooth earbuds, tws earbuds, airbuds bluetooth earphones, wireless earphones, touch control, hd sound, deep bass, enc noise cancellation, gaming earbuds, led display, long battery",boht buri service hai Jo cheez dikhao us se 1000 darjy ghatiya cheez di hai picture ma dekhoo bachoon ka khilona diya hai airpods k name par sharmindagi hai0,4.7,Ratings 86,https://www.daraz.pk/products/tws-hd-enc-led-i1965695592.html
"airbuds, earbuds, wireless earbuds, bluetooth earbuds, tws earbuds, airbuds bluetooth earphones, wireless earphones, touch control, hd sound, deep bass, enc noise cancellation, gaming earbuds, led display, long battery",boht buri service hai Jo cheez dikhao us se 1000 darjy ghatiya cheez di hai picture ma dekhoo bachoon ka khilona diya hai airpods k name par sharmindagi hai0,4.8,Ratings 24,https://www.daraz.pk/products/tws-hd-enc-led-i1965689421.html
"airbuds, earbuds, wireless earbuds, bluetooth earbuds, tws earbuds, airbuds bluetooth earphones, wireless earphones, touch control, hd sound, deep bass, enc noise cancellation, gaming earbuds, led display, long battery",Sound Quality:best quality ❤️👌 Battery Life:good. I love it Comfort:Kamal hein look was also classic. Is price mein sound aur look dono. Cheezin best hy. Satisfied thanks daraz. If you need it choose this store. My best experience ever on daraz 👌0,4.7,Ratings 86,https://www.daraz.pk/products/tws-hd-enc-led-i1965695592.html
"airbuds, earbuds, wireless earbuds, bluetooth earbuds, tws earbuds, airbuds bluetooth earphones, wireless earphones, touch control, hd sound, deep bass, enc noise cancellation, gaming earbuds, led display, long battery",Sound Quality:best quality ❤️👌 Battery Life:good. I love it Comfort:Kamal hein look was also classic. Is price mein sound aur look dono. Cheezin best hy. Satisfied thanks daraz. If you need it choose this store. My best experience ever on daraz 👌0,4.8,Ratings 24,https://www.daraz.pk/products/tws-hd-enc-led-i1965689421.html
tws u39 wireless bluetooth earbuds headset earphones_hifi 9d stereo sound with heavy deep bass_long battery upto 6 hours play time with type-c fast charging_enc voice cancellation premium quality in-ear wireless bluetooth earbuds,5.0/5107 Ratings1003100,5.0,Ratings 107,https://www.daraz.pk/products/tws-u39-_-9d-_-6-_enc-i1967356272.html
tws u39 wireless bluetooth earbuds headset earphones_hifi 9d stereo sound with heavy deep bass_long battery upto 6 hours play time with type-c fast charging_enc voice cancellation premium quality in-ear wireless bluetooth earbuds,Sound Quality: perfect Battery Life: superb Comfort: perfect Bohat acha experience raha …. Higly recommend 💯💯,5.0,Ratings 107,https://www.daraz.pk/products/tws-u39-_-9d-_-6-_enc-i1967356272.html
tws u39 wireless bluetooth earbuds headset earphones_hifi 9d stereo sound with heavy deep bass_long battery upto 6 hours play time with type-c fast charging_enc voice cancellation premium quality in-ear wireless bluetooth earbuds,Sound Quality:ٹھیک Battery Life:1گھنٹہ Comfort:بس کچھ ٹھیک اوریجنل نہیں ہے کاپی ہے,5.0,Ratings 107,https://www.daraz.pk/products/tws-u39-_-9d-_-6-_enc-i1967356272.html
tws u39 wireless bluetooth earbuds headset earphones_hifi 9d stereo sound with heavy deep bass_long battery upto 6 hours play time with type-c fast charging_enc voice cancellation premium quality in-ear wireless bluetooth earbuds,Sound Quality:very good 10/10 Battery Life:10/10 Comfort:10/10 thank you so much daraz jasi dkhi hai wasy he ai hai thnx ☺️,5.0,Ratings 107,https://www.daraz.pk/products/tws-u39-_-9d-_-6-_enc-i1967356272.html
tws u39 wireless bluetooth earbuds headset earphones_hifi 9d stereo sound with heavy deep bass_long battery upto 6 hours play time with type-c fast charging_enc voice cancellation premium quality in-ear wireless bluetooth earbuds,Sound Quality: perfect Battery Life: superb Comfort: perfect Bohat acha experience raha …. Higly recommend 💯💯0,5.0,Ratings 107,https://www.daraz.pk/products/tws-u39-_-9d-_-6-_enc-i1967356272.html
tws u39 wireless bluetooth earbuds headset earphones_hifi 9d stereo sound with heavy deep bass_long battery upto 6 hours play time with type-c fast charging_enc voice cancellation premium quality in-ear wireless bluetooth earbuds,Sound Quality:ٹھیک Battery Life:1گھنٹہ Comfort:بس کچھ ٹھیک اوریجنل نہیں ہے کاپی ہے0,5.0,Ratings 107,https://www.daraz.pk/products/tws-u39-_-9d-_-6-_enc-i1967356272.html
tws u39 wireless bluetooth earbuds headset earphones_hifi 9d stereo sound with heavy deep bass_long battery upto 6 hours play time with type-c fast charging_enc voice cancellation premium quality in-ear wireless bluetooth earbuds,Sound Quality:very good 10/10 Battery Life:10/10 Comfort:10/10 thank you so much daraz jasi dkhi hai wasy he ai hai thnx ☺️0,5.0,Ratings 107,https://www.daraz.pk/products/tws-u39-_-9d-_-6-_enc-i1967356272.html
orignal newest m19 air buds wireless earbuds tws earphone bluetooth intelligente touch control wireless bluetooth-compatible headphone waterproof airdots led display with mic,4.0/529 Ratings192007,4.0,Ratings 29,https://www.daraz.pk/products/-i217985291.html
orignal newest m19 air buds wireless earbuds tws earphone bluetooth intelligente touch control wireless bluetooth-compatible headphone waterproof airdots led display with mic,Bht hi achai products hay jo cheez dikhai thi wohe di hay lykn brand new nhi hay used hay bus yea bawt nhi btai inho nay baki chalny m kafi achw hay thanks,4.0,Ratings 29,https://www.daraz.pk/products/-i217985291.html
orignal newest m19 air buds wireless earbuds tws earphone bluetooth intelligente touch control wireless bluetooth-compatible headphone waterproof airdots led display with mic,ek din ho gaya hai mere pass a Gaya yah parcel aapka yah ismein Na lead Thi speaker khola hua hai aur uske bad hi khuli Hui Hai meherbani aapki hogi ki isko aap dekhen aur Mujhe naya courier chahie shukriya,4.0,Ratings 29,https://www.daraz.pk/products/-i217985291.html
orignal newest m19 air buds wireless earbuds tws earphone bluetooth intelligente touch control wireless bluetooth-compatible headphone waterproof airdots led display with mic,bilkul bakwas Hy ye or iski battery life just 10 minutes Hy bilkul b leny k kabil ni Hy ye Battery Life:🤮🤮🤮🤮 Sound Quality:very poor,4.0,Ratings 29,https://www.daraz.pk/products/-i217985291.html
orignal newest m19 air buds wireless earbuds tws earphone bluetooth intelligente touch control wireless bluetooth-compatible headphone waterproof airdots led display with mic,Bht hi achai products hay jo cheez dikhai thi wohe di hay lykn brand new nhi hay used hay bus yea bawt nhi btai inho nay baki chalny m kafi achw hay thanks0,4.0,Ratings 29,https://www.daraz.pk/products/-i217985291.html
orignal newest m19 air buds wireless earbuds tws earphone bluetooth intelligente touch control wireless bluetooth-compatible headphone waterproof airdots led display with mic,ek din ho gaya hai mere pass a Gaya yah parcel aapka yah ismein Na lead Thi speaker khola hua hai aur uske bad hi khuli Hui Hai meherbani aapki hogi ki isko aap dekhen aur Mujhe naya courier chahie shukriya0,4.0,Ratings 29,https://www.daraz.pk/products/-i217985291.html
orignal newest m19 air buds wireless earbuds tws earphone bluetooth intelligente touch control wireless bluetooth-compatible headphone waterproof airdots led display with mic,bilkul bakwas Hy ye or iski battery life just 10 minutes Hy bilkul b leny k kabil ni Hy ye Battery Life:🤮🤮🤮🤮 Sound Quality:very poor0,4.0,Ratings 29,https://www.daraz.pk/products/-i217985291.html
remax s2 hd mini wireless bluetooth earbuds in-ear stereo headphones with noise cancellation,4.2/517 Ratings121202,4.2,Ratings 17,https://www.daraz.pk/products/mini-wireless-bluetooth-earbuds-in-ear-stereo-headphones-with-noise-cancellation-i933017532.html
remax s2 hd mini wireless bluetooth earbuds in-ear stereo headphones with noise cancellation,charging blkl km chala ehe h el ghanta bhi nhi mujhe rs 80 rupee m mille btw Sound Quality:good Battery Life:decent Comfort:okk,4.2,Ratings 17,https://www.daraz.pk/products/mini-wireless-bluetooth-earbuds-in-ear-stereo-headphones-with-noise-cancellation-i933017532.html
remax s2 hd mini wireless bluetooth earbuds in-ear stereo headphones with noise cancellation,Good quality timely delivered good,4.2,Ratings 17,https://www.daraz.pk/products/mini-wireless-bluetooth-earbuds-in-ear-stereo-headphones-with-noise-cancellation-i933017532.html
remax s2 hd mini wireless bluetooth earbuds in-ear stereo headphones with noise cancellation,same as shown in picture,4.2,Ratings 17,https://www.daraz.pk/products/mini-wireless-bluetooth-earbuds-in-ear-stereo-headphones-with-noise-cancellation-i933017532.html
remax s2 hd mini wireless bluetooth earbuds in-ear stereo headphones with noise cancellation,charging blkl km chala ehe h el ghanta bhi nhi mujhe rs 80 rupee m mille btw Sound Quality:good Battery Life:decent Comfort:okk0,4.2,Ratings 17,https://www.daraz.pk/products/mini-wireless-bluetooth-earbuds-in-ear-stereo-headphones-with-noise-cancellation-i933017532.html
remax s2 hd mini wireless bluetooth earbuds in-ear stereo headphones with noise cancellation,Good quality timely delivered good0,4.2,Ratings 17,https://www.daraz.pk/products/mini-wireless-bluetooth-earbuds-in-ear-stereo-headphones-with-noise-cancellation-i933017532.html
remax s2 hd mini wireless bluetooth earbuds in-ear stereo headphones with noise cancellation,same as shown in picture0,4.2,Ratings 17,https://www.daraz.pk/products/mini-wireless-bluetooth-earbuds-in-ear-stereo-headphones-with-noise-cancellation-i933017532.html
m10 tws wireless earbuds bluetooth 5.1 touch control waterproof led display charging box 9d hifi sound for gaming and gym,4.3/52648 Ratings195220612886273,4.3,Ratings 2648,https://www.daraz.pk/products/m10-tws-wireless-earbuds-bluetooth-51-touch-control-waterproof-led-display-charging-box-9d-hifi-sound-for-gaming-and-gym-i410246093.html
m10 tws wireless earbuds bluetooth 5.1 touch control waterproof led display charging box 9d hifi sound for gaming and gym,quality a good but box only charge buds once after it you should again charge buds box..timing of buds approx 3 hours on music no stand by check. power bank is only for name not for work... decent in price delivery on time over all its a good product in this price,4.3,Ratings 2648,https://www.daraz.pk/products/m10-tws-wireless-earbuds-bluetooth-51-touch-control-waterproof-led-display-charging-box-9d-hifi-sound-for-gaming-and-gym-i410246093.html
m10 tws wireless earbuds bluetooth 5.1 touch control waterproof led display charging box 9d hifi sound for gaming and gym,Sound Quality:Achi hai Battery Life:Battery life Zabardast Meri TU 3 din chli use krne k bad Bata rhi Hun Comfort:best time pr delivery hogyi bht achi jisko buy krni hai wo krly and seller is very cooperative and nice thankuu,4.3,Ratings 2648,https://www.daraz.pk/products/m10-tws-wireless-earbuds-bluetooth-51-touch-control-waterproof-led-display-charging-box-9d-hifi-sound-for-gaming-and-gym-i410246093.html
m10 tws wireless earbuds bluetooth 5.1 touch control waterproof led display charging box 9d hifi sound for gaming and gym,Sound Quality:Normal Battery Life:Normal Comfort:Normal ziyada time lagane se 👂mean pain hone lagta hai Right Side wala khudi connect Discount krta hai or video play or push hi hoti rhti hai left wala working good,4.3,Ratings 2648,https://www.daraz.pk/products/m10-tws-wireless-earbuds-bluetooth-51-touch-control-waterproof-led-display-charging-box-9d-hifi-sound-for-gaming-and-gym-i410246093.html
m10 tws wireless earbuds bluetooth 5.1 touch control waterproof led display charging box 9d hifi sound for gaming and gym,quality a good but box only charge buds once after it you should again charge buds box..timing of buds approx 3 hours on music no stand by check. power bank is only for name not for work... decent in price delivery on time over all its a good product in this price0,4.3,Ratings 2648,https://www.daraz.pk/products/m10-tws-wireless-earbuds-bluetooth-51-touch-control-waterproof-led-display-charging-box-9d-hifi-sound-for-gaming-and-gym-i410246093.html
m10 tws wireless earbuds bluetooth 5.1 touch control waterproof led display charging box 9d hifi sound for gaming and gym,Sound Quality:Achi hai Battery Life:Battery life Zabardast Meri TU 3 din chli use krne k bad Bata rhi Hun Comfort:best time pr delivery hogyi bht achi jisko buy krni hai wo krly and seller is very cooperative and nice thankuu0,4.3,Ratings 2648,https://www.daraz.pk/products/m10-tws-wireless-earbuds-bluetooth-51-touch-control-waterproof-led-display-charging-box-9d-hifi-sound-for-gaming-and-gym-i410246093.html
m10 tws wireless earbuds bluetooth 5.1 touch control waterproof led display charging box 9d hifi sound for gaming and gym,Sound Quality:Normal Battery Life:Normal Comfort:Normal ziyada time lagane se 👂mean pain hone lagta hai Right Side wala khudi connect Discount krta hai or video play or push hi hoti rhti hai left wala working good0,4.3,Ratings 2648,https://www.daraz.pk/products/m10-tws-wireless-earbuds-bluetooth-51-touch-control-waterproof-led-display-charging-box-9d-hifi-sound-for-gaming-and-gym-i410246093.html
m04 tws wireless bluetooth earbuds,4.1/515 Ratings110112,4.1,Ratings 15,https://www.daraz.pk/products/m04-tws-i1950510316.html
m04 tws wireless bluetooth earbuds,بہت ہی زبردست قسم کی کوالٹی ہے میری طرف سے سب دوستوں کے لیے ریکمنڈڈ ہے چارج تھوڑا بہت اس طرح کا نہیں ہے مگر پیسوں کے لحاظ سے کافی زبردست ہے,4.1,Ratings 15,https://www.daraz.pk/products/m04-tws-i1950510316.html
m04 tws wireless bluetooth earbuds,me ne request ki thi blue colour ki JB Same bhejna hi Nahi tha to colour option q diye,4.1,Ratings 15,https://www.daraz.pk/products/m04-tws-i1950510316.html
m04 tws wireless bluetooth earbuds,MashaAllah Zabardast Products hai Seller bhi Kmal ka ha Fast delivery 🚚 Thanks Drazz,4.1,Ratings 15,https://www.daraz.pk/products/m04-tws-i1950510316.html
m04 tws wireless bluetooth earbuds,بہت ہی زبردست قسم کی کوالٹی ہے میری طرف سے سب دوستوں کے لیے ریکمنڈڈ ہے چارج تھوڑا بہت اس طرح کا نہیں ہے مگر پیسوں کے لحاظ سے کافی زبردست ہے0,4.1,Ratings 15,https://www.daraz.pk/products/m04-tws-i1950510316.html
m04 tws wireless bluetooth earbuds,me ne request ki thi blue colour ki JB Same bhejna hi Nahi tha to colour option q diye0,4.1,Ratings 15,https://www.daraz.pk/products/m04-tws-i1950510316.html
m04 tws wireless bluetooth earbuds,MashaAllah Zabardast Products hai Seller bhi Kmal ka ha Fast delivery 🚚 Thanks Drazz0,4.1,Ratings 15,https://www.daraz.pk/products/m04-tws-i1950510316.html
air31 tws dual earbuds handfree bluetooth wireless earbuds transparent crystal frame bluetooth headset digital display powerbank for earbuds charging,4.6/51989 Ratings16781006235112,4.6,Ratings 1989,https://www.daraz.pk/products/air31-tws-i435277150.html
air31 tws dual earbuds handfree bluetooth wireless earbuds transparent crystal frame bluetooth headset digital display powerbank for earbuds charging,a beautiful one. charging cable not charging it. used my own data cable. battery also droped rapidly when started using it.,4.6,Ratings 1989,https://www.daraz.pk/products/air31-tws-i435277150.html
air31 tws dual earbuds handfree bluetooth wireless earbuds transparent crystal frame bluetooth headset digital display powerbank for earbuds charging,"the quality is best , delivery was on time , and the packing was also good 😊 thanks to seller , 100% satisfied Sound Quality:sound quality is excellent 👌 Battery Life:best Comfort:best",4.6,Ratings 1989,https://www.daraz.pk/products/air31-tws-i435277150.html
air31 tws dual earbuds handfree bluetooth wireless earbuds transparent crystal frame bluetooth headset digital display powerbank for earbuds charging,assalam o alaikum mny 2 mangwaye thy air buds lykn 3 aye hn 2 ki price m 1 or Aya ay Sath 1852 rupy m 2 mangwaye thy 2 e aye lykn aik or Aya ay 1852 rupy m Jo humary pas galti sy Aya ay humara ni ay,4.6,Ratings 1989,https://www.daraz.pk/products/air31-tws-i435277150.html
air31 tws dual earbuds handfree bluetooth wireless earbuds transparent crystal frame bluetooth headset digital display powerbank for earbuds charging,a beautiful one. charging cable not charging it. used my own data cable. battery also droped rapidly when started using it.0,4.6,Ratings 1989,https://www.daraz.pk/products/air31-tws-i435277150.html
air31 tws dual earbuds handfree bluetooth wireless earbuds transparent crystal frame bluetooth headset digital display powerbank for earbuds charging,"the quality is best , delivery was on time , and the packing was also good 😊 thanks to seller , 100% satisfied Sound Quality:sound quality is excellent 👌 Battery Life:best Comfort:best0",4.6,Ratings 1989,https://www.daraz.pk/products/air31-tws-i435277150.html
air31 tws dual earbuds handfree bluetooth wireless earbuds transparent crystal frame bluetooth headset digital display powerbank for earbuds charging,assalam o alaikum mny 2 mangwaye thy air buds lykn 3 aye hn 2 ki price m 1 or Aya ay Sath 1852 rupy m 2 mangwaye thy 2 e aye lykn aik or Aya ay 1852 rupy m Jo humary pas galti sy Aya ay humara ni ay0,4.6,Ratings 1989,https://www.daraz.pk/products/air31-tws-i435277150.html
tws wireless airbuds bluetooth 5.3 touch control earphones | noise cancelling heavy bass stereo sound earbuds with digital charging case | sports wireless earbuds universal compatible for all smartphones,4.5/5140 Ratings11544115,4.5,Ratings 140,https://www.daraz.pk/products/tws-53-i943505977.html
tws wireless airbuds bluetooth 5.3 touch control earphones | noise cancelling heavy bass stereo sound earbuds with digital charging case | sports wireless earbuds universal compatible for all smartphones,thank you 😊 awaz bhi bhot zabar10 ha,4.5,Ratings 140,https://www.daraz.pk/products/tws-53-i943505977.html
tws wireless airbuds bluetooth 5.3 touch control earphones | noise cancelling heavy bass stereo sound earbuds with digital charging case | sports wireless earbuds universal compatible for all smartphones,Sound Quality:V.Good Battery Life:after use pata chally ga battery life ka but overall it's an amazing product and hope so ziada time chally ga.,4.5,Ratings 140,https://www.daraz.pk/products/tws-53-i943505977.html
tws wireless airbuds bluetooth 5.3 touch control earphones | noise cancelling heavy bass stereo sound earbuds with digital charging case | sports wireless earbuds universal compatible for all smartphones,Thanks Daraz for this product. Sound Quality:good but the one side is louder than the other one Battery Life:normal Comfort:easily to wear and use,4.5,Ratings 140,https://www.daraz.pk/products/tws-53-i943505977.html
tws wireless airbuds bluetooth 5.3 touch control earphones | noise cancelling heavy bass stereo sound earbuds with digital charging case | sports wireless earbuds universal compatible for all smartphones,thank you 😊 awaz bhi bhot zabar10 ha0,4.5,Ratings 140,https://www.daraz.pk/products/tws-53-i943505977.html
tws wireless airbuds bluetooth 5.3 touch control earphones | noise cancelling heavy bass stereo sound earbuds with digital charging case | sports wireless earbuds universal compatible for all smartphones,Sound Quality:V.Good Battery Life:after use pata chally ga battery life ka but overall it's an amazing product and hope so ziada time chally ga.0,4.5,Ratings 140,https://www.daraz.pk/products/tws-53-i943505977.html
tws wireless airbuds bluetooth 5.3 touch control earphones | noise cancelling heavy bass stereo sound earbuds with digital charging case | sports wireless earbuds universal compatible for all smartphones,Thanks Daraz for this product. Sound Quality:good but the one side is louder than the other one Battery Life:normal Comfort:easily to wear and use0,4.5,Ratings 140,https://www.daraz.pk/products/tws-53-i943505977.html
m25 damix tws gaming headphones true wireless earbuds earphones earphones touch control,4.4/51741 Ratings1409574240186,4.4,Ratings 1741,https://www.daraz.pk/products/m25-damix-tws-gaming-headphones-true-wireless-earbuds-earphones-earphones-touch-control-i430806574.html
m25 damix tws gaming headphones true wireless earbuds earphones earphones touch control,I received this yesterday Sound Quality:good hai or bass b sai hai Rate Wise to sai hai,4.4,Ratings 1741,https://www.daraz.pk/products/m25-damix-tws-gaming-headphones-true-wireless-earbuds-earphones-earphones-touch-control-i430806574.html
m25 damix tws gaming headphones true wireless earbuds earphones earphones touch control,good time and shape case timing 1 day and buds time 6 hours.looking very good and attractive.,4.4,Ratings 1741,https://www.daraz.pk/products/m25-damix-tws-gaming-headphones-true-wireless-earbuds-earphones-earphones-touch-control-i430806574.html
m25 damix tws gaming headphones true wireless earbuds earphones earphones touch control,Sound Quality:Excellent Battery Life:Good Comfort:Excellent Nice and Beautiful product working good sound is clear and loud,4.4,Ratings 1741,https://www.daraz.pk/products/m25-damix-tws-gaming-headphones-true-wireless-earbuds-earphones-earphones-touch-control-i430806574.html
m25 damix tws gaming headphones true wireless earbuds earphones earphones touch control,I received this yesterday Sound Quality:good hai or bass b sai hai Rate Wise to sai hai0,4.4,Ratings 1741,https://www.daraz.pk/products/m25-damix-tws-gaming-headphones-true-wireless-earbuds-earphones-earphones-touch-control-i430806574.html
m25 damix tws gaming headphones true wireless earbuds earphones earphones touch control,good time and shape case timing 1 day and buds time 6 hours.looking very good and attractive.0,4.4,Ratings 1741,https://www.daraz.pk/products/m25-damix-tws-gaming-headphones-true-wireless-earbuds-earphones-earphones-touch-control-i430806574.html
m25 damix tws gaming headphones true wireless earbuds earphones earphones touch control,Sound Quality:Excellent Battery Life:Good Comfort:Excellent Nice and Beautiful product working good sound is clear and loud0,4.4,Ratings 1741,https://www.daraz.pk/products/m25-damix-tws-gaming-headphones-true-wireless-earbuds-earphones-earphones-touch-control-i430806574.html
air buds transparent air39 bluetooth round drawer tws fully water prof earphones wireless earbuds enc noise reduction headsets led display sport headphones round drawer type charging case best wireless airbuds environmental touch control earbu,4.6/558 Ratings502114,4.6,Ratings 58,https://www.daraz.pk/products/39-i948098412.html
air buds transparent air39 bluetooth round drawer tws fully water prof earphones wireless earbuds enc noise reduction headsets led display sport headphones round drawer type charging case best wireless airbuds environmental touch control earbu,"⭐⭐⭐⭐⭐ These earbuds are amazing! The sound quality is crystal clear with great bass and balanced audio. I would rate the sound quality 10/10. The battery life is very good and easily lasts throughout the day. They are also extremely comfortable to wear for long periods without any discomfort. The design looks premium, and the connection is smooth and reliable. Overall, I am very happy with this purchase and would highly recommend these earbuds to anyone looking for quality and comfort. Rating: 5/5 ⭐⭐⭐⭐⭐",4.6,Ratings 58,https://www.daraz.pk/products/39-i948098412.html
air buds transparent air39 bluetooth round drawer tws fully water prof earphones wireless earbuds enc noise reduction headsets led display sport headphones round drawer type charging case best wireless airbuds environmental touch control earbu,Sound Quality:best I ordered in pink color but I received it in white color what is this behaviour pujja?? bahee baqii saab acha hai battery life is didn't check yet,4.6,Ratings 58,https://www.daraz.pk/products/39-i948098412.html
air buds transparent air39 bluetooth round drawer tws fully water prof earphones wireless earbuds enc noise reduction headsets led display sport headphones round drawer type charging case best wireless airbuds environmental touch control earbu,"Yawr this is soo soo good,I love it,I 'm sorry seller manaye apko bot tang kiya ,bcz I can't w8 for my parcel,BTW seller is so cooperative ,100 % recommended, ty seller ty daraz",4.6,Ratings 58,https://www.daraz.pk/products/39-i948098412.html
air buds transparent air39 bluetooth round drawer tws fully water prof earphones wireless earbuds enc noise reduction headsets led display sport headphones round drawer type charging case best wireless airbuds environmental touch control earbu,"⭐⭐⭐⭐⭐ These earbuds are amazing! The sound quality is crystal clear with great bass and balanced audio. I would rate the sound quality 10/10. The battery life is very good and easily lasts throughout the day. They are also extremely comfortable to wear for long periods without any discomfort. The design looks premium, and the connection is smooth and reliable. Overall, I am very happy with this purchase and would highly recommend these earbuds to anyone looking for quality and comfort. Rating: 5/5 ⭐⭐⭐⭐⭐0",4.6,Ratings 58,https://www.daraz.pk/products/39-i948098412.html
air buds transparent air39 bluetooth round drawer tws fully water prof earphones wireless earbuds enc noise reduction headsets led display sport headphones round drawer type charging case best wireless airbuds environmental touch control earbu,Sound Quality:best I ordered in pink color but I received it in white color what is this behaviour pujja?? bahee baqii saab acha hai battery life is didn't check yet0,4.6,Ratings 58,https://www.daraz.pk/products/39-i948098412.html
air buds transparent air39 bluetooth round drawer tws fully water prof earphones wireless earbuds enc noise reduction headsets led display sport headphones round drawer type charging case best wireless airbuds environmental touch control earbu,"Yawr this is soo soo good,I love it,I 'm sorry seller manaye apko bot tang kiya ,bcz I can't w8 for my parcel,BTW seller is so cooperative ,100 % recommended, ty seller ty daraz0",4.6,Ratings 58,https://www.daraz.pk/products/39-i948098412.html
"air proo & air 31 tws  airpoods with super sound & high quality touch sensors true stereo headphones with built in mic 10m transmission bluetooth wireless earbuds , power case sport headset for all bluetooth smart devices.",4.9/523 Ratings212000,4.9,Ratings 23,https://www.daraz.pk/products/31-10-i1964786166.html
"air proo & air 31 tws  airpoods with super sound & high quality touch sensors true stereo headphones with built in mic 10m transmission bluetooth wireless earbuds , power case sport headset for all bluetooth smart devices.",Quality b ache ni ha or mny white colour order keya tha or black aye ha. Mere trf se bkwas he order mt kro,4.9,Ratings 23,https://www.daraz.pk/products/31-10-i1964786166.html
"air proo & air 31 tws  airpoods with super sound & high quality touch sensors true stereo headphones with built in mic 10m transmission bluetooth wireless earbuds , power case sport headset for all bluetooth smart devices.",Sound Quality:10/10 Battery Life:Good Comfort:too Good mujhy bhttt achi lagi inki packing or earbuds bhi is price m best product h 😍highly recommended thank you seller and Daraz,4.9,Ratings 23,https://www.daraz.pk/products/31-10-i1964786166.html
"air proo & air 31 tws  airpoods with super sound & high quality touch sensors true stereo headphones with built in mic 10m transmission bluetooth wireless earbuds , power case sport headset for all bluetooth smart devices.",ache quality ha Sound Quality:Bhi achi but charging cable nahi di lkn in Piso me acha ha ma dobara order karo ga inshallah umeed ha agli bar bi ache hi aynge thanx seller dilvery Bhi 2 days me hogi thi 🥰🥰,4.9,Ratings 23,https://www.daraz.pk/products/31-10-i1964786166.html
"air proo & air 31 tws  airpoods with super sound & high quality touch sensors true stereo headphones with built in mic 10m transmission bluetooth wireless earbuds , power case sport headset for all bluetooth smart devices.",Quality b ache ni ha or mny white colour order keya tha or black aye ha. Mere trf se bkwas he order mt kro0,4.9,Ratings 23,https://www.daraz.pk/products/31-10-i1964786166.html
"air proo & air 31 tws  airpoods with super sound & high quality touch sensors true stereo headphones with built in mic 10m transmission bluetooth wireless earbuds , power case sport headset for all bluetooth smart devices.",Sound Quality:10/10 Battery Life:Good Comfort:too Good mujhy bhttt achi lagi inki packing or earbuds bhi is price m best product h 😍highly recommended thank you seller and Daraz0,4.9,Ratings 23,https://www.daraz.pk/products/31-10-i1964786166.html
"air proo & air 31 tws  airpoods with super sound & high quality touch sensors true stereo headphones with built in mic 10m transmission bluetooth wireless earbuds , power case sport headset for all bluetooth smart devices.",ache quality ha Sound Quality:Bhi achi but charging cable nahi di lkn in Piso me acha ha ma dobara order karo ga inshallah umeed ha agli bar bi ache hi aynge thanx seller dilvery Bhi 2 days me hogi thi 🥰🥰0,4.9,Ratings 23,https://www.daraz.pk/products/31-10-i1964786166.html
original m19 and m10 tws wireless earphones touch control 5.1 with power bank charger headset waterproof 9d hifi quality earbuds 2000mah stereo sports headphones with microphone,4.8/523 Ratings201001,4.8,Ratings 23,https://www.daraz.pk/products/m19-m10-tws-51-9d-hifi-2000mah-i1957526573.html
original m19 and m10 tws wireless earphones touch control 5.1 with power bank charger headset waterproof 9d hifi quality earbuds 2000mah stereo sports headphones with microphone,Sound Quality:10/10 Battery Life:10/10 Comfort:it is comfortable for me fast delivery bjai bohat achi product h nice iam very happy 😊 Airpods are awesome. Sound is good. Battery timing is also good. Would recommend to anybody thinking about such airpods. Thanks daraz and seller. 💯 Recommended.,4.8,Ratings 23,https://www.daraz.pk/products/m19-m10-tws-51-9d-hifi-2000mah-i1957526573.html
original m19 and m10 tws wireless earphones touch control 5.1 with power bank charger headset waterproof 9d hifi quality earbuds 2000mah stereo sports headphones with microphone,"Sound Quality:Very Good 👍😊 Battery Life:Nice 🙂 Comfort:Very Good 👍😊 Very Nice Packing , In Bluetooth Also a Amazing l Light & USB port Mini Charging Bank. ❤️ Sound Quality:✨ Battery Life:👍🏻 Comfort:🔥 Highly Recommend ✅ Thanks To Daraz & Seller.",4.8,Ratings 23,https://www.daraz.pk/products/m19-m10-tws-51-9d-hifi-2000mah-i1957526573.html
original m19 and m10 tws wireless earphones touch control 5.1 with power bank charger headset waterproof 9d hifi quality earbuds 2000mah stereo sports headphones with microphone,Sound Quality:Nice Battery Life:weak Comfort:excellent,4.8,Ratings 23,https://www.daraz.pk/products/m19-m10-tws-51-9d-hifi-2000mah-i1957526573.html
original m19 and m10 tws wireless earphones touch control 5.1 with power bank charger headset waterproof 9d hifi quality earbuds 2000mah stereo sports headphones with microphone,Sound Quality:10/10 Battery Life:10/10 Comfort:it is comfortable for me fast delivery bjai bohat achi product h nice iam very happy 😊 Airpods are awesome. Sound is good. Battery timing is also good. Would recommend to anybody thinking about such airpods. Thanks daraz and seller. 💯 Recommended.0,4.8,Ratings 23,https://www.daraz.pk/products/m19-m10-tws-51-9d-hifi-2000mah-i1957526573.html
original m19 and m10 tws wireless earphones touch control 5.1 with power bank charger headset waterproof 9d hifi quality earbuds 2000mah stereo sports headphones with microphone,"Sound Quality:Very Good 👍😊 Battery Life:Nice 🙂 Comfort:Very Good 👍😊 Very Nice Packing , In Bluetooth Also a Amazing l Light & USB port Mini Charging Bank. ❤️ Sound Quality:✨ Battery Life:👍🏻 Comfort:🔥 Highly Recommend ✅ Thanks To Daraz & Seller.0",4.8,Ratings 23,https://www.daraz.pk/products/m19-m10-tws-51-9d-hifi-2000mah-i1957526573.html
original m19 and m10 tws wireless earphones touch control 5.1 with power bank charger headset waterproof 9d hifi quality earbuds 2000mah stereo sports headphones with microphone,Sound Quality:Nice Battery Life:weak Comfort:excellent0,4.8,Ratings 23,https://www.daraz.pk/products/m19-m10-tws-51-9d-hifi-2000mah-i1957526573.html
"trance airbud 850 hexa mic with anc & enc wireless earbuds, gaming mode low latency tws earbud with upto 5 hours playtime, ipx5 water proof wireless earphones with voice assistance bluetooth ear buds and headphones",4.4/519 Ratings132301,4.4,Ratings 19,https://www.daraz.pk/products/850-5-5-i1957103110.html
"trance airbud 850 hexa mic with anc & enc wireless earbuds, gaming mode low latency tws earbud with upto 5 hours playtime, ipx5 water proof wireless earphones with voice assistance bluetooth ear buds and headphones",Sound Quality:good Battery Life:good Comfort:good bas colour black order kiya tha or white aya ha baki theek ha,4.4,Ratings 19,https://www.daraz.pk/products/850-5-5-i1957103110.html
"trance airbud 850 hexa mic with anc & enc wireless earbuds, gaming mode low latency tws earbud with upto 5 hours playtime, ipx5 water proof wireless earphones with voice assistance bluetooth ear buds and headphones",Comfort:100% Battery Life:💯 Sound Quality:100% wowwwee I love this it... is very comfortable and sound quality is very amazing 👏 I charge it only 2 hr and it works 3 days...I m very satisfied with these ear buds. Thae delivery is very fast i got this in 1 to 2 days only the packaging 📦 was great 👍 .I highly recommend these ear buds to anyone who is looking for good quality and performance i m very happy to purchase this.The ear buds look very stylish... Every thing match the description exactly,4.4,Ratings 19,https://www.daraz.pk/products/850-5-5-i1957103110.html
"trance airbud 850 hexa mic with anc & enc wireless earbuds, gaming mode low latency tws earbud with upto 5 hours playtime, ipx5 water proof wireless earphones with voice assistance bluetooth ear buds and headphones",Amazing product High battery timing Fast pair with any device clear sound Delivered on time packed very well Thanks Daraz very nyc product..jesa picture me dekha tha bilkul wesa hi h ...aur prize k lehaz se b bht satisfied chez h..thank you seller.... InshaAllah I will order again..😊,4.4,Ratings 19,https://www.daraz.pk/products/850-5-5-i1957103110.html
"trance airbud 850 hexa mic with anc & enc wireless earbuds, gaming mode low latency tws earbud with upto 5 hours playtime, ipx5 water proof wireless earphones with voice assistance bluetooth ear buds and headphones",Sound Quality:good Battery Life:good Comfort:good bas colour black order kiya tha or white aya ha baki theek ha0,4.4,Ratings 19,https://www.daraz.pk/products/850-5-5-i1957103110.html
"trance airbud 850 hexa mic with anc & enc wireless earbuds, gaming mode low latency tws earbud with upto 5 hours playtime, ipx5 water proof wireless earphones with voice assistance bluetooth ear buds and headphones",Comfort:100% Battery Life:💯 Sound Quality:100% wowwwee I love this it... is very comfortable and sound quality is very amazing 👏 I charge it only 2 hr and it works 3 days...I m very satisfied with these ear buds. Thae delivery is very fast i got this in 1 to 2 days only the packaging 📦 was great 👍 .I highly recommend these ear buds to anyone who is looking for good quality and performance i m very happy to purchase this.The ear buds look very stylish... Every thing match the description exactly0,4.4,Ratings 19,https://www.daraz.pk/products/850-5-5-i1957103110.html
"trance airbud 850 hexa mic with anc & enc wireless earbuds, gaming mode low latency tws earbud with upto 5 hours playtime, ipx5 water proof wireless earphones with voice assistance bluetooth ear buds and headphones",Amazing product High battery timing Fast pair with any device clear sound Delivered on time packed very well Thanks Daraz very nyc product..jesa picture me dekha tha bilkul wesa hi h ...aur prize k lehaz se b bht satisfied chez h..thank you seller.... InshaAllah I will order again..😊0,4.4,Ratings 19,https://www.daraz.pk/products/850-5-5-i1957103110.html
"tws air_pods_ with super sound & high quality touch sensors true stereo headphones with built in mic 10m transmission bluetooth wireless earbuds , chargng case sport headset for all bluetooth smart devices",4.8/510 Ratings90100,4.8,Ratings 10,https://www.daraz.pk/products/tws-air_pods_-10m-i943596805.html
"tws air_pods_ with super sound & high quality touch sensors true stereo headphones with built in mic 10m transmission bluetooth wireless earbuds , chargng case sport headset for all bluetooth smart devices",Sound Quality:Perfect Battery Life:Runs over 2 hours and charges very fast Comfort:Easy to use,4.8,Ratings 10,https://www.daraz.pk/products/tws-air_pods_-10m-i943596805.html
"tws air_pods_ with super sound & high quality touch sensors true stereo headphones with built in mic 10m transmission bluetooth wireless earbuds , chargng case sport headset for all bluetooth smart devices",sir yah charge Nahin ho rahi,4.8,Ratings 10,https://www.daraz.pk/products/tws-air_pods_-10m-i943596805.html
"tws air_pods_ with super sound & high quality touch sensors true stereo headphones with built in mic 10m transmission bluetooth wireless earbuds , chargng case sport headset for all bluetooth smart devices",best very sound high qulaity like him very very coll coin b,4.8,Ratings 10,https://www.daraz.pk/products/tws-air_pods_-10m-i943596805.html
"tws air_pods_ with super sound & high quality touch sensors true stereo headphones with built in mic 10m transmission bluetooth wireless earbuds , chargng case sport headset for all bluetooth smart devices",Sound Quality:Perfect Battery Life:Runs over 2 hours and charges very fast Comfort:Easy to use0,4.8,Ratings 10,https://www.daraz.pk/products/tws-air_pods_-10m-i943596805.html
"tws air_pods_ with super sound & high quality touch sensors true stereo headphones with built in mic 10m transmission bluetooth wireless earbuds , chargng case sport headset for all bluetooth smart devices",sir yah charge Nahin ho rahi0,4.8,Ratings 10,https://www.daraz.pk/products/tws-air_pods_-10m-i943596805.html
"tws air_pods_ with super sound & high quality touch sensors true stereo headphones with built in mic 10m transmission bluetooth wireless earbuds , chargng case sport headset for all bluetooth smart devices",best very sound high qulaity like him very very coll coin b0,4.8,Ratings 10,https://www.daraz.pk/products/tws-air_pods_-10m-i943596805.html
"stereo gamingpro (2026) ai true wireless bluetooth earbuds, black | hi-res audio, 2-way speaker, anc 2.0, optimized comfort, ip57, live translation airpo d",4.7/514 Ratings130001,4.7,Ratings 14,https://www.daraz.pk/products/2026-ai-true-wireless-bluetooth-earbuds-20-57-i1967727174.html
"stereo gamingpro (2026) ai true wireless bluetooth earbuds, black | hi-res audio, 2-way speaker, anc 2.0, optimized comfort, ip57, live translation airpo d",Sound Quality:Good enough Battery Life:good Comfort:in this price range best,4.7,Ratings 14,https://www.daraz.pk/products/2026-ai-true-wireless-bluetooth-earbuds-20-57-i1967727174.html
"stereo gamingpro (2026) ai true wireless bluetooth earbuds, black | hi-res audio, 2-way speaker, anc 2.0, optimized comfort, ip57, live translation airpo d","yeh AirPods order kiye aur mera experience bohot zabardast raha. Agar aap best wireless earbuds dhoondh rahe hain, toh inka koi muqabla nahi. Sab se pehlay sound quality ki baat karoon toh iska bass aur audio clarity mind-blowing hai",4.7,Ratings 14,https://www.daraz.pk/products/2026-ai-true-wireless-bluetooth-earbuds-20-57-i1967727174.html
"stereo gamingpro (2026) ai true wireless bluetooth earbuds, black | hi-res audio, 2-way speaker, anc 2.0, optimized comfort, ip57, live translation airpo d",Sound Quality:101% Battery Life:best Comfort:not to much good highly recommended 👍🏻but they don't give the box,4.7,Ratings 14,https://www.daraz.pk/products/2026-ai-true-wireless-bluetooth-earbuds-20-57-i1967727174.html
"stereo gamingpro (2026) ai true wireless bluetooth earbuds, black | hi-res audio, 2-way speaker, anc 2.0, optimized comfort, ip57, live translation airpo d",Sound Quality:Good enough Battery Life:good Comfort:in this price range best0,4.7,Ratings 14,https://www.daraz.pk/products/2026-ai-true-wireless-bluetooth-earbuds-20-57-i1967727174.html
"stereo gamingpro (2026) ai true wireless bluetooth earbuds, black | hi-res audio, 2-way speaker, anc 2.0, optimized comfort, ip57, live translation airpo d","yeh AirPods order kiye aur mera experience bohot zabardast raha. Agar aap best wireless earbuds dhoondh rahe hain, toh inka koi muqabla nahi. Sab se pehlay sound quality ki baat karoon toh iska bass aur audio clarity mind-blowing hai0",4.7,Ratings 14,https://www.daraz.pk/products/2026-ai-true-wireless-bluetooth-earbuds-20-57-i1967727174.html
"stereo gamingpro (2026) ai true wireless bluetooth earbuds, black | hi-res audio, 2-way speaker, anc 2.0, optimized comfort, ip57, live translation airpo d",Sound Quality:101% Battery Life:best Comfort:not to much good highly recommended 👍🏻but they don't give the box0,4.7,Ratings 14,https://www.daraz.pk/products/2026-ai-true-wireless-bluetooth-earbuds-20-57-i1967727174.html
air31 earbuds wireless crystal transparent bluetooth 5.3 air 31 ear buds wireless headset transparent charging case heavy bass stereo earphones noise reduction sports headset with microphone waterproof headphone led digital display airpods_ by sellify 365,4.4/51213 Ratings9051006527115,4.4,Ratings 1213,https://www.daraz.pk/products/31-53-31-led-365-i331918523.html
air31 earbuds wireless crystal transparent bluetooth 5.3 air 31 ear buds wireless headset transparent charging case heavy bass stereo earphones noise reduction sports headset with microphone waterproof headphone led digital display airpods_ by sellify 365,"very good and nice quality, Amazing condition, sounds quality amazing, colour buhut piyar hai, light blue, good job 👍 Sound Quality:👍 Battery Life:👍 Comfort:👍",4.4,Ratings 1213,https://www.daraz.pk/products/31-53-31-led-365-i331918523.html
air31 earbuds wireless crystal transparent bluetooth 5.3 air 31 ear buds wireless headset transparent charging case heavy bass stereo earphones noise reduction sports headset with microphone waterproof headphone led digital display airpods_ by sellify 365,"I ordered this black crystal handsfree from Daraz, but I am extremely disappointed with the product I received. After opening the parcel, I found that the handsfree was already used and also damaged/broken. It does not look like a new product at all. Issues with the product: - The handsfree appears to be previously used. - The product was received damaged/broken. - The condition of the product was not satisfactory. - I paid for a new product but received a used and damaged item. - The product is not in proper working/usable condition. Message to the Seller: I am not satisfied with this product at all. Sending a used and damaged product to a customer is not acceptable. Please do not mislead or disappoint customers like this. Customers expect to receive a new and undamaged product for the price they pay. Please check your products properly before shipping them.",4.4,Ratings 1213,https://www.daraz.pk/products/31-53-31-led-365-i331918523.html
air31 earbuds wireless crystal transparent bluetooth 5.3 air 31 ear buds wireless headset transparent charging case heavy bass stereo earphones noise reduction sports headset with microphone waterproof headphone led digital display airpods_ by sellify 365,Sabse acha item abbey tak ka mena dekha hai daraz mai bahoot acha hai yeh,4.4,Ratings 1213,https://www.daraz.pk/products/31-53-31-led-365-i331918523.html
air31 earbuds wireless crystal transparent bluetooth 5.3 air 31 ear buds wireless headset transparent charging case heavy bass stereo earphones noise reduction sports headset with microphone waterproof headphone led digital display airpods_ by sellify 365,"very good and nice quality, Amazing condition, sounds quality amazing, colour buhut piyar hai, light blue, good job 👍 Sound Quality:👍 Battery Life:👍 Comfort:👍0",4.4,Ratings 1213,https://www.daraz.pk/products/31-53-31-led-365-i331918523.html
air31 earbuds wireless crystal transparent bluetooth 5.3 air 31 ear buds wireless headset transparent charging case heavy bass stereo earphones noise reduction sports headset with microphone waterproof headphone led digital display airpods_ by sellify 365,"I ordered this black crystal handsfree from Daraz, but I am extremely disappointed with the product I received. After opening the parcel, I found that the handsfree was already used and also damaged/broken. It does not look like a new product at all. Issues with the product: - The handsfree appears to be previously used. - The product was received damaged/broken. - The condition of the product was not satisfactory. - I paid for a new product but received a used and damaged item. - The product is not in proper working/usable condition. Message to the Seller: I am not satisfied with this product at all. Sending a used and damaged product to a customer is not acceptable. Please do not mislead or disappoint customers like this. Customers expect to receive a new and undamaged product for the price they pay. Please check your products properly before shipping them.0",4.4,Ratings 1213,https://www.daraz.pk/products/31-53-31-led-365-i331918523.html
air31 earbuds wireless crystal transparent bluetooth 5.3 air 31 ear buds wireless headset transparent charging case heavy bass stereo earphones noise reduction sports headset with microphone waterproof headphone led digital display airpods_ by sellify 365,Sabse acha item abbey tak ka mena dekha hai daraz mai bahoot acha hai yeh0,4.4,Ratings 1213,https://www.daraz.pk/products/31-53-31-led-365-i331918523.html
"air pod m04 wireless  bluetooth 5.4 earbuds – m04 earbuds with hd sound, noise cancelling mic, type-c fast charging, long battery life, waterproof sports & gaming headset, hi-fi stereo bass,touch control,sweatproof wireless earphones",4.6/5223 Ratings19433414,4.6,Ratings 223,https://www.daraz.pk/products/04-54-04-i887274708.html
"air pod m04 wireless  bluetooth 5.4 earbuds – m04 earbuds with hd sound, noise cancelling mic, type-c fast charging, long battery life, waterproof sports & gaming headset, hi-fi stereo bass,touch control,sweatproof wireless earphones",Sound Quality: heavy sound quality,4.6,Ratings 223,https://www.daraz.pk/products/04-54-04-i887274708.html
"air pod m04 wireless  bluetooth 5.4 earbuds – m04 earbuds with hd sound, noise cancelling mic, type-c fast charging, long battery life, waterproof sports & gaming headset, hi-fi stereo bass,touch control,sweatproof wireless earphones",Battery Life:battery Bhoot he jaldi use Hoti hy aur battery bilkul achi nai hy Sound Quality:sounds bilkul he Kam hy aur connecting problems bi ati hy Comfort:products bulkul he farg hy,4.6,Ratings 223,https://www.daraz.pk/products/04-54-04-i887274708.html
"air pod m04 wireless  bluetooth 5.4 earbuds – m04 earbuds with hd sound, noise cancelling mic, type-c fast charging, long battery life, waterproof sports & gaming headset, hi-fi stereo bass,touch control,sweatproof wireless earphones",the airbuds are not working properly no screen is showing and zero comfort low quality no charger not recommended Battery Life:bakwas hai Comfort:zero Sound Quality:rubbish,4.6,Ratings 223,https://www.daraz.pk/products/04-54-04-i887274708.html
"air pod m04 wireless  bluetooth 5.4 earbuds – m04 earbuds with hd sound, noise cancelling mic, type-c fast charging, long battery life, waterproof sports & gaming headset, hi-fi stereo bass,touch control,sweatproof wireless earphones",Sound Quality: heavy sound quality0,4.6,Ratings 223,https://www.daraz.pk/products/04-54-04-i887274708.html
"air pod m04 wireless  bluetooth 5.4 earbuds – m04 earbuds with hd sound, noise cancelling mic, type-c fast charging, long battery life, waterproof sports & gaming headset, hi-fi stereo bass,touch control,sweatproof wireless earphones",Battery Life:battery Bhoot he jaldi use Hoti hy aur battery bilkul achi nai hy Sound Quality:sounds bilkul he Kam hy aur connecting problems bi ati hy Comfort:products bulkul he farg hy0,4.6,Ratings 223,https://www.daraz.pk/products/04-54-04-i887274708.html
"air pod m04 wireless  bluetooth 5.4 earbuds – m04 earbuds with hd sound, noise cancelling mic, type-c fast charging, long battery life, waterproof sports & gaming headset, hi-fi stereo bass,touch control,sweatproof wireless earphones",the airbuds are not working properly no screen is showing and zero comfort low quality no charger not recommended Battery Life:bakwas hai Comfort:zero Sound Quality:rubbish0,4.6,Ratings 223,https://www.daraz.pk/products/04-54-04-i887274708.html
earbuds air buds air 31 wireless bluetooth-compatible headset wireless earphone invisible sports fitness earbuds in-ear headphone hot sale ear buds,4.6/51270 Ratings104082432179,4.6,Ratings 1270,https://www.daraz.pk/products/earbuds-air-buds-air-31-wireless-bluetooth-compatible-headset-wireless-earphone-invisible-sports-fitness-earbuds-in-ear-headphone-hot-sale-ear-buds-i427914413.html
earbuds air buds air 31 wireless bluetooth-compatible headset wireless earphone invisible sports fitness earbuds in-ear headphone hot sale ear buds,Sound Quality:10/9 best hay Battery Life:box ki battery life ache Nahi hay buhat jaldi jaldi khatam ho Rahe hay bake Burt's ki ABI check Nahi ki Comfort:10/9,4.6,Ratings 1270,https://www.daraz.pk/products/earbuds-air-buds-air-31-wireless-bluetooth-compatible-headset-wireless-earphone-invisible-sports-fitness-earbuds-in-ear-headphone-hot-sale-ear-buds-i427914413.html
earbuds air buds air 31 wireless bluetooth-compatible headset wireless earphone invisible sports fitness earbuds in-ear headphone hot sale ear buds,Sound Quality:excellent Battery Life:10/10 Comfort:some point very good I recommended it 🙂,4.6,Ratings 1270,https://www.daraz.pk/products/earbuds-air-buds-air-31-wireless-bluetooth-compatible-headset-wireless-earphone-invisible-sports-fitness-earbuds-in-ear-headphone-hot-sale-ear-buds-i427914413.html
earbuds air buds air 31 wireless bluetooth-compatible headset wireless earphone invisible sports fitness earbuds in-ear headphone hot sale ear buds,bad quality earbuds charging not spotted battery Battery Life:not charging,4.6,Ratings 1270,https://www.daraz.pk/products/earbuds-air-buds-air-31-wireless-bluetooth-compatible-headset-wireless-earphone-invisible-sports-fitness-earbuds-in-ear-headphone-hot-sale-ear-buds-i427914413.html
earbuds air buds air 31 wireless bluetooth-compatible headset wireless earphone invisible sports fitness earbuds in-ear headphone hot sale ear buds,Sound Quality:10/9 best hay Battery Life:box ki battery life ache Nahi hay buhat jaldi jaldi khatam ho Rahe hay bake Burt's ki ABI check Nahi ki Comfort:10/90,4.6,Ratings 1270,https://www.daraz.pk/products/earbuds-air-buds-air-31-wireless-bluetooth-compatible-headset-wireless-earphone-invisible-sports-fitness-earbuds-in-ear-headphone-hot-sale-ear-buds-i427914413.html
earbuds air buds air 31 wireless bluetooth-compatible headset wireless earphone invisible sports fitness earbuds in-ear headphone hot sale ear buds,Sound Quality:excellent Battery Life:10/10 Comfort:some point very good I recommended it 🙂0,4.6,Ratings 1270,https://www.daraz.pk/products/earbuds-air-buds-air-31-wireless-bluetooth-compatible-headset-wireless-earphone-invisible-sports-fitness-earbuds-in-ear-headphone-hot-sale-ear-buds-i427914413.html
earbuds air buds air 31 wireless bluetooth-compatible headset wireless earphone invisible sports fitness earbuds in-ear headphone hot sale ear buds,bad quality earbuds charging not spotted battery Battery Life:not charging0,4.6,Ratings 1270,https://www.daraz.pk/products/earbuds-air-buds-air-31-wireless-bluetooth-compatible-headset-wireless-earphone-invisible-sports-fitness-earbuds-in-ear-headphone-hot-sale-ear-buds-i427914413.html
wireless bluetooth5.2 headphones long standby business headset / wireless headphones bluetooth 5.2 neckband earphones magnetic sports waterproof tws earbuds blutooth headset with microphone mic,4.3/514 Ratings100301,4.3,Ratings 14,https://www.daraz.pk/products/52-52-tws-i1947647353.html
wireless bluetooth5.2 headphones long standby business headset / wireless headphones bluetooth 5.2 neckband earphones magnetic sports waterproof tws earbuds blutooth headset with microphone mic,Mashallah bohat acha hy Sound Quality:10 /10 hy or mujhy umeed nai thi itna acha huo ga but bohat acha thank you for draz 💓 Battery Life:10/ 5 baki sb kuch theak hy lakin battery 🪫 no good,4.3,Ratings 14,https://www.daraz.pk/products/52-52-tws-i1947647353.html
wireless bluetooth5.2 headphones long standby business headset / wireless headphones bluetooth 5.2 neckband earphones magnetic sports waterproof tws earbuds blutooth headset with microphone mic,Sound Quality:low Battery Life:low Comfort:uncomfart aik din hi nhi chali kharab ho gyi hy iss lia wapis kr raha hon,4.3,Ratings 14,https://www.daraz.pk/products/52-52-tws-i1947647353.html
wireless bluetooth5.2 headphones long standby business headset / wireless headphones bluetooth 5.2 neckband earphones magnetic sports waterproof tws earbuds blutooth headset with microphone mic,Comfort: i use first time and found good Let see what next is working good long time or only few days Testing period Purchase total in 418 rupees,4.3,Ratings 14,https://www.daraz.pk/products/52-52-tws-i1947647353.html
wireless bluetooth5.2 headphones long standby business headset / wireless headphones bluetooth 5.2 neckband earphones magnetic sports waterproof tws earbuds blutooth headset with microphone mic,Mashallah bohat acha hy Sound Quality:10 /10 hy or mujhy umeed nai thi itna acha huo ga but bohat acha thank you for draz 💓 Battery Life:10/ 5 baki sb kuch theak hy lakin battery 🪫 no good0,4.3,Ratings 14,https://www.daraz.pk/products/52-52-tws-i1947647353.html
wireless bluetooth5.2 headphones long standby business headset / wireless headphones bluetooth 5.2 neckband earphones magnetic sports waterproof tws earbuds blutooth headset with microphone mic,Sound Quality:low Battery Life:low Comfort:uncomfart aik din hi nhi chali kharab ho gyi hy iss lia wapis kr raha hon0,4.3,Ratings 14,https://www.daraz.pk/products/52-52-tws-i1947647353.html
wireless bluetooth5.2 headphones long standby business headset / wireless headphones bluetooth 5.2 neckband earphones magnetic sports waterproof tws earbuds blutooth headset with microphone mic,Comfort: i use first time and found good Let see what next is working good long time or only few days Testing period Purchase total in 418 rupees0,4.3,Ratings 14,https://www.daraz.pk/products/52-52-tws-i1947647353.html
